,review,sentiments
0,"Situasi kamar cukup lembab, di tembok ada bekas jamur dan bagian kasur cukup basah (lembab) termasuk bantal pun lembab, bagian selimut ada yang sobek. Kondisi perlengkapan mandi kurang memadai sebagai standar hotel bitang 3, perbandingan â€¦",negatif
1,Baru sekali ini ke hotel yang bebas merokok dimana2. Sampe lift nya aja bau rokok. Kamar very poor. Dindingnya udah item2 bulukan. Toilet kit kaya yang ditaro begitu aja. Posisi tv nya aneh. Selimut tipis. Sarung bantal bernoda. Air panas â€¦,positif
2,"Seminggu yang lalu saya pesan kamar yang Deluxe 500.000/malam, Astaga kagetnya bukan Maen harga 500.000/malam kondisi kamar gak layak. Terutama selimut dan lampu diatas kasur mati semua. â€¦",positif
3,"ruangan standar tidak ada yang non smoking room, bau rokok sekali.. tulisannya bintang 3, tapi tidak bintang 2 sekalipun.. tolong diperbaiki rate nya, sesuaikan dengan kenyataan aja.. ğŸ™ğŸ»ğŸ˜€ sukses terusss â€¦",positif
4,"Service sangat buruk mengecewakan sekali bikin kapok dan gamau balik lagi fitnes di city hotel . Saya lagi ganti baju habis beres gym , penjaga yg disana marahÂ² nyuruh saya dan temen2 lain untuk cepat turun . Posisi blm jam 9 . Tolong pecat penjaga tempat gym nya .kya sampah .",negatif
5,"Kamarnya bener2 ga sesuai dgn digambar. Temboknya lembab, sprei banyak noda jd terlihat kusam. Lantai ngeres krn banyak debunya. Mohon bgt ditingkatkan lg pelayanannya. Tp masih aman sih buat istirahat ya cmn agak ga nyaman aja. Ga ada wifi juga. Semangat",negatif
6,"Di kira fitnes sama kolem renang merupakan fasilitas untuk tamu hotel ternyata bayar, terus gak ada telepon untuk mesen makan atau ngehubungin reseptionis, selimutnya tipis banget, parkiranjuga tidak rapi . Wifi tidak sampe kekamar, tv runyek... Menangdapet sarapan doank",negatif
7,"Sering ke city hotel karena member gym-nya. Gym-nya komplit ,peralatannya bagus dan terawat .setelah selesai dgn gym bisa melepas lelah dekat kolam renangnya. Sambil liat view sekeliling city hotel.mantap..keren",positif
8,"Fasilitas kamar kurang,kamar mandi plafonnya bocor,air hangat hidup sebentar,tv byk semut ny",positif
9,"Enak sebenernya ini hotel, pelayannya polite, tapi pas mandi bau solokan, kirain dr belerang, taunya karena belum dibersihin ğŸ˜…, tapi besok paginya aman sih, beberapa bagian kamar ada yang retak dan terkelupas, semoga cepat pulih pariwisata indonesia â€¦",positif
10,Kayaknya ni hotel dalam tahap pembenahan. Saya stay di 338. Untuk kopi dan teh tidak tersedia. Lift tamu kecil. Tidak ada arah kiblat buat shalat dalam kamar. Telp dalam kamar juga tidak ada. Untuk water Heater di bathroom berfungsi. Dan â€¦,negatif
11,Over all okay tapi ada catatan utk tembok dan furniture krg diperhatikan dan 3 tahun sy pernah nginap perubahan kamar nga signifikan,positif
12,"Lumayan udah ngga spooky lagi nginep disini, rasa makanannya standar saja. Sarapannya ga banyak variasi nya.",positif
13,makin bagus skrg diperluas sma dperbanyak kamarnya ya apa gmna? Uda lama bgt swimming pool nya blm beresâ€ pdhl paling adem bgt renangnya disiniâœ¨,positif
14,Untuk hotel keren masi dalam penambahan bangunan jd makin keren klo dh jadi.. Makanan murah... Akses n pelayanan oke,positif
15,"1. Dinding tembok tdk rapi
2. Wifi tdk jelas
3. Tdk ada pemanas air untuk kopi, dll.",negatif
16,Cukup nyaman untuk istirahat sejenak. Kalau bisa sih Adain sabun hotelnya ya,positif
17,"bekerjalah sesuai aturan yang ada ditmpat anda bekerja , patuhi aturan yang ditetapkan ditempat anda bekerja .
. â€¦",negatif
18,Cukup nyaman dg pelayanan hotel yg menurut saya cukup .,positif
19,"Mungkin standar b3 perlu dievaluasi. Kamar ada laba laba nya, tidak ada kopi,gula,teh dan air panas, atau krna pilih standar room. Tp utk kebersihan dan kenyamanan perlu ditingkatkan",positif
20,"Menginap di kamar 325, sinyal wifi tidak sampai di kamar, pada saat datang air kecil tidak ada air panas, parahnya pagi2 saat mau check out air mati total, akhirnya sebagian mandi di kamar lain & sebagian tidak mandi â€¦",negatif
21,"Pertama kali masuk kamar langsung bau rokok, kamar bersih air hangat nya berfungsi sayang kolam renang dalam renovasi tetapi di pesanan online tdk ada keterangan nya jd anak saya pd kecewa bw baju renang g dipake",negatif
22,Penjaga gym sangat tidak ramah. Tidak nyaman. Kacau balau,negatif
23,"Kamarnya nyaman dan untuk ruangan nya bisa buat meeting, kopdar, workshop dengan fasilitas yang lengkap",positif
24,"Untuk tempat stay sementara ok, kamar kurang bersih, wifi lemah",positif
25,"Saya share untuk tipe kamar standard yah :
1. Khusus untuk kamar 206 harus banyak diperbaiki karena :
A. Air bau dan berbusa â€¦",negatif
26,"Menginap 2 malam disini yang malam 1 lift gak berfungsi, untuk ke kamar di lantai 3 cukup menguras tenaga dengan naik turun tangga yang cukup panjang. Keesokan harinya sudah normal. Kamar standar king yang saya pesan di 212 bagian kamar â€¦",negatif
27,Lumayan lah dengan harga yg di tawarkan.. cukup memuaskan,positif
28,"Kamar yg saya tempati nomor 323, jendela nya rusak, sehingga debu masuk..., Bantal agak bau walaupun sudah ganti sarung bantal â€¦",positif
29,"Kamar bau
Cat tembok banyak hitam2
Atap juga hitam2 â€¦",negatif
30,"dekat dari Pusat Kota (alun alun Kota Tasikmalaya), bisa melihat pemandangan kota Tasikmalaya dari Lantai atas (samping Musola),",positif
31,"Ini bukan rekomendasi hotel di tasikmalaya
Dari pertama masuk kamar terasa lambab , sprei yang seperti belum di ganti (banyak bercak) â€¦",negatif
32,"Kamarnya terlihat sekali kurang dirawat, sprei n bantal pakai kain tipis warna kuning n banyak noda...tapi makanan mantab",positif
33,"First impression...mengecewakan, kenapa ?
Karena kesini niat mau istirahat capek habis business trip... tp ternyata
Kamar kurang bersih.. sprei kasur seperti bekas dipakai orang, ada bau2 yg gatau â€¦",negatif
34,"lokasi mudah di temukan (sesuai dengan maps).
resepsionisnya ramah, breakfast nya enak chef nya ramah, tempat parkir luas dilengkapi CCTV, satpam nya ramah, kamarnya lengkapi Ac dan pengharum ruangan, kamar â€¦",positif
35,"Not recommend banget stay disini.
Telepon hotel ga pernah bisa nyambung.
Dan halo? Week end, dimana banyak tamu, perlu yang namanya sewa tukang untuk â€¦",positif
36,"Kesini hari minggu, sendirian business trip, cari hotel murah. Niat mau istirahat: â€¦",positif
37,"Enak, cuman sayang alat gym nya minim",positif
38,"HOTELNYA KUMUH!! BARU DI LIFT SAJA SUDAH BAU APEK. KAMARNYA PENGGAP BANGET BAU ROKOK ATAPNYA SUDAH MAU RUBUH, BEKAS TAMBALAN TEMBOKNYA NGGA DI RAPIKAN. REMOT TV NGGA BISA DI PAKAI, HANDUKNYA KUMAL, SPREI DAN SELIMUTNYA BAU!! SANGAT KUMUH DAN JOROK BANGETğŸ‘ğŸ»ğŸ‘ğŸ»ğŸ‘ğŸ»ğŸ‘ğŸ»ğŸ‘ğŸ» â€¦",negatif
39,"Pelayanan super Ramah,Team Sekuriti Sangat Sigap Membantu Tamu dengan sangat Baik jg Komitmen tinggi,tetapi tempat Drop off,masih sempit untuk jalur Offline dan Online,Space Parkir di dalam lumayan Luas,dan tolong diperhatikan masalah sampah-sampah yang masih berserakan di area Hotel.",positif
40,"kamar banyak yg retak,eternit dpn kamar kayak.sudah mau roboh,sprei dan selimut kotor dan juga bolong ttp d pasang.tolong service d tingkatkan...",negatif
41,"Kamar bersih, privasi aman, pelayanan ramah, ada kolam renang dan tempat gym...Kebetulan saya jual VITAMALE obat kuat pria original harga murah,,,WA 0812-1185-6215",positif
42,"26-27 Januari 2022 niatnya mau pesen buat 3mlm dari jakarta 7jam perjalanan, alhasil gajadi karna jadwal check-in dari hotel sblmnya sudah disetujui.. Pertama masuk emm lumayan lahh enak, nuansanya bagus sihh jujur, cmn niii KAMAR KOTOR, â€¦",positif
43,Perlu ditingkatkan kebersihan hotel rajin dibersihkan.,negatif
44,"Bagus, pegawainya ramah ramah, bersih, rapih, and than balkon nya bagus banget, hotel ternyaman sih menurut saya, bisa ke balkonnya, ada gym juga sama kolam renang",positif
45,"First impressionnya, buruk sekali saya rasa ğŸ˜‘ untuk kebersihan dikamarnya kurang, saya dapat kamar yang sprei & selimutnya sudah bau apek. Handuk mandi yang sudah robek-robek pinggirnya ğŸ˜Œ tidak ada pemanas air teh/kopi, untuk waterheaternya â€¦",negatif
46,"First impressionnya ""hotel kok gini""
Maksud hati menginap di hotel itu mencari kenyaman untuk beristirahat.
Saya dpt kamar standart room. Begitu masuk kamar, aroma yang tercium adalah â€¦",positif
47,Utk sekelas hotel masih perlu banyak pembenahan,negatif
48,Kamar kurang bersih. Banyak debuuuuu,positif
49,"Dapet hotel ini go show alias dadakan aja, kebetulan lagi ada acara di tasik..
Ke sini pas weekend, kamarnya pada penuh jd dapetnya kamar yg 650 rb.. â€¦",positif
50,"Bantal berjamur, sarung bantal dekil banyak bekas iler, sprei kucel, Wifi cuma pake repeater konek di bawah alat wifi nya aja gk konek apalagi dalem kamar, sinyal hp sekelas telkomsel aja tipis. Ini hotel bintang 2 bukan bintang, lebih bersih oyo",negatif
51,"Cukup nyaman dengan harga yg relatif murah.. pelayanan juga ramah. Fasilitas lift dan parkir juga cukup baik.
Kamar kurang kedap suara dengan detailing yang tak terawat, mungkin karna efek pandemi yg berkepanjangan hingga perawatan property kurang baik.",positif
52,"Pertama checkin resepsionist disibukan dengan owner atau atasannya sehingga ga fokus sama konsumen, jam 9mlm lift ga bisa dipakai dan ada live music yg kedengeran sampai kamar (mengganggu bagi yg mau istirahat), terbangun krn kepanasan krn â€¦",negatif
53,"Harga terjangkau, yaa kamar standar hanya saja pas ke kolam harus beli lagi tiket. Dan kolam nya pas sya agak kotor. Untuk yg lainn, oke",positif
54,"Pelayanan tidak ramah, hotel kotor, kamar mandi tidak ada penutup seperti hotel lainnya, handuk kasar, tidak ada teko pemanas air, tidak ada kulkas dan sarapan hanya ada 1 macam dan harga sama dengan hotel lainnya yg memiliki keramahan dan â€¦",negatif
55,"Hotel ramah pi suasananya terasa biasa, sarapan terkesan dipaksakan tidak ada yang menarik, apalagi diluar jendela malah gang berseliweran pekerja bangunan, kok bisa ya jendela luar itu gang dan orang2 berseliweran diluar jendela kamar hotel",positif
56,"Ko saya ngerasa d mainin ya sama receptionis nya,dari kemarin pindah"" terus,sekarang mau extend harus pindah kamar.gk bisa d kamar yg tetap.padahal saya sama"" bayar.",negatif
57,Sangat strategis tempatnya dan punya meeting room yg lumayan bagus ...cmn sayang toiletnya tidak terjaga dgn baik .. kotor dan tidak ada disposal binnya .. tidak ada tissue dan tidak ada sabunnya,positif
58,"Saat panggiln mjit kesini tmptnya nyaman & aman, barangkali ada yg minat d pijit bisa hubungi kami 082216175479, trima pijt pria&wanita trapis pria, trmksh",positif
59,"Sangat buruk , Terutama Kolam renang nya    , Awalnya biasa aja , cuma tibaÂ² ada salah satu staf atau CS datang dan berdiri menunggu para pengunjung untuk renang , Dan karna kita risih , kita tanya , Renang Ny di waktu gk a ? , trus dia â€¦",negatif
60,Tempat gym harus bayar begitupu  masuk kolam renang harus bayar.. Kirain fasilitas hotel swlimutnya berwarna begitupun sperinyaasih mending redors apa oyo pokonya g recomend deh,positif
61,Kamarnya bagus bersih. Sayang lagi direhab. Jadi kolam renangnya tdk bisa dipakai,positif
62,"Kalau bisa memberikan rating tanpa bintang mungkin saya berikan tanpa bintang.

1.Pintu Kamar mandi tidak bisa di kunci untuk kamar 206 , â€¦",negatif
63,Ini tempat lagi di renov jadi banyak tukang dan jejak jejak perbaikan. Paling murah diantara yg lain dan kl kesini sarapan sudah termasuk untuk anak2 y jadi g ragu ngajak anak. Catatan buat yg kesini kl kolam di kuras tiap senin dan renang g termasuk biaya kamar jadi nambah 15rb/org.,positif
64,"Tempatnya nyaman, bagus, bersih, dan lobi utama luas. Disini kadang diadakan event seperti sertifikasi MUA.
Karyawannya ramah, dan bagian indoor nyaman untuk dilihat, lokasi dipinggir jalan langsung keliatan.",positif
65,"hotelnya kotor dan tidak sesuai ekspektasi untuk room rate diatas 300 k dan tidak nyaman... sy pikir hanya lobby nya saja berdebu tp semua area  berdebu, corridor lt 3 menuju kamar bau tidak sedap.. kamar mandi kotor seprai juga tidak baru â€¦",negatif
66,"Setiap kali ke tasik, selalu menginap di city hotel, pelayanan ramah, kamar bersih, makanannya juga enak enak",positif
67,"Saat Hujan ruang tengah Hotel deket ruang makan,kemasukan air hujan terlihat petugas sibuk mengeringkan lantai.
Saat berbarengan kamar juga ikut kemasukan air dari jendela, dari plafon hingga â€¦",positif
68,Udah 2 thn berlangganan hampir tiap bulan tapi sampe sekarang wifi masih jelek tidak sampe ke kamar. Kolam renang tamu tetap bayar lagi kalau mandi. Tetap berlangganan kesitu karena emg cuma di city budget 300 masuk. ğŸ™„ â€¦,negatif
69,"Kalo lagi peak season, nginep disini. Murah harganya. Andai kebersihan lbh di tingkatkan, bisa banyak tamu. Strategis tempatnya",positif
70,"Saya bayar ditempat cash 350rb (daring cuma 246rb) standar room tapi fasilitas kurang joss...
Air panas untuk mandi aktif cuma bentar â€¦",positif
71,"Hotel tua, saya rasa harus lebih dirawat lagi. Saya mendapat kamar yg temboknya retak cukup parah, flush toilet juga tidak berfungsi. Kamar tidak kedap suara, bisa denger orang2 lari atau teriak2 di lorong. Menu sarapan tidak terlalu â€¦",negatif
72,"BANYAK + DAN - NYA DI HOTEL INI

lokasi nya deket dengan stasiun tasikmalaya cuma 5 menit sudah sampai â€¦",positif
73,"Harganya sesuai dengan kualitas.. Cukup pakai traveloka atau pegipegi... Kadang suka promo dan murmer.  Sekarang sdh jauh lebih baik,  selimut nya hangat,  keset kamar mandi menyerap air,  air hangat OK.  Kelemahan,  telpon ruangan tidak â€¦",positif
74,"Menginap di sini karena kemalaman jadi udah malas cari yg lain. Dengan rate 350K tanpa aplikasi. Langsung book di tempat. Kami ambil yg standard room. Double bed. Kamarnya lumayan gede, toiletnya pun luas. Belum masuk kamar kita lihat â€¦",positif
75,"Lumayan enak tempatnya, bersih",positif
76,"Pengalaman  selama mencari hotel. Dan ini yg paling buruk. Bnyak minus nya. Pegawai,penanganannya, satpamnya. Kamarnya. Kamar mndi dimana air nya ga layak pakai masa hotel air nya kaya air cubluk sih bahkan lebih dari itu udah bau kaya air â€¦",negatif
77,Hotelnya bersih kamarnya nyaman staff ny ramah lokasi tengah kota ğŸ˜ apalagi kalo ditemenin sama si papah yang minum vitamale obat kuat paling tokcer bisa bikin on semaleman ğŸ˜ minat wa 081286588907 â€¦,positif
78,"Worthed banget untuk hotel bintang 3 dengan price segitu (booking jauh2 hari).
Lobby nya nice, suasananya juga.
Kamarnya nyaman, door lock nya pake kartu, jd gak bikin ribet ğŸ‘ â€¦",positif
79,"Entah karena cuma saya pribadi yang dapat kamar yang kurang menyenangkan. Lampu tidur rusak, water heater hanya jalan 10 menit saja sisanya air dingin, sarapan hanya 4 jenis makanan saja (nasi goreng, roti, gudeg, daging), kolam renang sedang dikuras.",negatif
80,"Masa sprei hotel watna hijau. Jelek banget.
Kmar ga bersih dan agak bau.
Management gak ramah.",negatif
81,"Pertama saya nginep disini,,dan sekali nyoba gak mau lagi,,kamarnya bau apek bantal2nya juga,,spre juga kusut,,exsospen brisik banget,susah tidur jadinya,,untuk pelayananya sedang,,cuma saya rasa k mahaln untk hrga 350 kamar apek gituh,,skarang sih lagi ngebangun lagi gak tau tuh kdepanya gimna,,smoga bisa di perbaiki lagi",negatif
82,"Menurut saya, ini adalah pengalaman yang kurang baik disini.
Tidak sesuai ekspektasi, atau mungkin harga sesuai dengan kualitas.
Kamar agak kotor, lantai masih banyak debu dan kotor kerikil serta sampah â€¦",negatif
83,"Booking di agoda hanya tersedia junior suite room.
Plus poin : dapat harga promo 1/2 dari price list, kamar nya luas, dua kali kamar standar, ada sofabed nya juga, kasur nya nyaman, lokasi di pusat kota, dekat â€¦",positif
84,"Pemilik hotel sepertinya terlalu berhemat, sehingga Fasilitasnya buruk sekali !!
- Tidak ada shower air panas (alasannya pakai tenaga surya, jd tidak begitu â€¦",negatif
85,Saya booking via agoda.com. status di agoda sudah paid. Tp di resepsionis masi di minta bukti pembayaran. Trus buat apa pake aplikasi kalo masi harus ribet ngintip mutasi rekening tamu? Pembayaran di agoda sudah include dengan pajak. Tp di â€¦,negatif
86,"Lumayan sih, tp kamarnya masih agak kotor, dikasur masih banyak rambut bekas yg nginap sblmnya. Terus pas lewat juga ada pegawainya lg tduran dikasur yg dia lg bersihin . Haduhhhh ditingkatkan kmbali ya kebersihannya..",positif
87,"Desain tempatnya keren dan parkiran luas, namun untuk beberapa fasilitas misal wifi dikamar tertentu tidak bisa dapat diakses. Untuk fasilitas gelas dan perlengkapan mandi baiknya dicek. Utk kamar kapasitas dua orang harusnya sesuai (jumlahnya harus 2 paket)",positif
88,"Ini hotel lagi renovasi kecil kecilan, fasilitasnya udah pada buruk... Cocoknya renov total.  Tapi dari segi desain pun hotel ini kurang bagus jika dibandingkan dengan hotel yg lain di harga 300 an.
Kita cuma coba sehari karena udah beli dari online.",negatif
89,"Maaf neh. Klo menurut saya dengan rate kamar seharga itu tp fasilitas sangat dibatasi (berenang bayar, Wifi cm bs diloby gk bs sampe kamar) bahkan telpon dikamar tidak ada! Hubungi resepsionis dengan telpon pribadi gaes. Keren",negatif
90,"Untuk fasilitas umum di hotel cukup lengkap, fasilitas di kamar standarnya lumayan bagus tapi kurang lengkap karena ga ada pemanas untuk air minum trs wifinya ga sampe kamar. Untuk lokasi dekat indomaret. Strategis. Kamar juga bersih n ada penanda arah kiblat. Dri stasiun ke hotel sekitar 30 menit dgn kondisi normal.",positif
91,"Lt 3 telkomsel cuma dpt 3g sinyalnya plus dsana pake WiFi area yg super duper lemot ğŸ˜µ makanan enak, sop buntut rekomended lah.
Kebersihan kamar oke bgt, kamar mandi standar. Toiletries ok. Fast respond. â€¦",positif
92,"Lokasi hotel mudah dijangkau , Kamar cukup luas hanya sayang kurang terang pencahayaannya baik lampu maupun sinar matahari.Rate wajar. Kamar mandi lampu kurang terang, grendel pintu rusak tdk diperbaiki , pemanas air untuk mandi( heater ) â€¦",positif
93,"Pas masuk kamar langsung tercium bau rokok.
Ternyata di lobby hotel & ruang tamu dekat kamar juga disediakan tempat abu rokok. â€¦",positif
94,"Kamar hotel kayak ngga terawat.. paling mengecewakan pas mau sarapan makanan sudah bersih, ngga ada sisa sama sekali untuk dimakan..",positif
95,"JELEK BANGET JIR, HOTEL BINTANG 3 KEK KOST KOST AN.",negatif
96,Wifi tidak sampai kamar tapi speed kencang jika dekat router.,positif
97,"Pas ksini pas lg renov, kolam renang ga bisa dipake..",positif
98,"Kamarnya cukup baik, standar untuk kelasnya. Tidak ada ketel air panas. Breakfast sudah tinggal sisa-sisa untuk jam sembilan (jadwal breakfast jam 6-10). Tapi jika bertanya maka stafnya akan menwarkan membuatkan nasi goreng. Wifi hanya di lobby dan koridor, tidak kuat di kamar.",positif
99,"Kamarnya serem, akhirnya minta gantiÂ² kamar.
lift tidak hidup jadi harus naik tangga ke lantai 3.
Haduh ga sesuai harga",negatif
100,"Ada harga ada kualitas.mulai dr yg kurang enaknya dulu yah,,, dari luar hotelnya besar, tp begitu masuk sih biasa aja. Utk kebersihan mnrt saya kurang karena bed covernya ada noda2 yg ga bs hilang gy, handuknya jg ada bau kurang sedap, â€¦",negatif
101,"Asyik juga hotelnya.  Kemarin pas menemani temen ke sini ikut nengok nengok fasilitas dan kondisinya  ternyata cukup bagus.
Kamar cukup leluasa untuk menginap dengan fasilitas air panas shower dst. â€¦",positif
102,"No recomended.. Untuk ukuran hotel bintang 3 sungguh mengecewakan. Dari kamar gelap (pencahayaan kurang) irit listeik kah? , Closet kaya di kamar mandi umum (kotot dan kuning), keset yang gak menyerap air, remot ac dan tv gak berfungsi â€¦",negatif
103,"Kamar mandi bau, lantai kena hujan, licin tidak diatasi sehingga ada tamu jatuh, tapi tidak juga diselesaikan, sarapan jam 08.30 hanya tersisa nasi putih dan nasi goreng",negatif
104,"Kamar nya tidak sesuai ekspetasi, saat pertama masuk kamar ternyata lantai kamarnya masih kotor, seharus nya kamar nya dibersihkan dulu sebelum tamu masuk ke kamar. Selain itu, hanya diberi 1 sandal, padahal kamar nya untuk 2 orang. Closet â€¦",negatif
105,"Pelayanannya oke tapi kamar yang saya dapat aga kotor, dan air panasnya kotor",negatif
106,"Waktu itu dapat promo dari salah satu aplikasi booking tiket. Dengan harga 200++ saya dapat kamar yang cukup nyaman. Tapi: 1) kunci kamar mandi hanya dengan slot, kunci asli sudah rusak, 2) tempat sabun dan toilet jauh. Kalau pup harus â€¦",positif
107,"Hotel bintang 3, fasilitas sesuai hargalah.  Nyaman untuk tidur, Air panas Oke, sarapan juga tersedia",positif
108,"Hotel yg cukup nyaman bersama keluarga. Ada swimming pool, dan roof top dengan pemandangan Tasik yg luar biasa. Ada beberapa yg kurang, seperti: sarapan yg terlalu ""biasa"" utk ukuran bintang 3, serta WiFi yg tidak bisa diakses di kamar. Selebihnya, hotel ini cukup recommended utk disinggahi bersama keluarga.",positif
109,"Lampu remang2 kurang terang, lampu tidur mati, saklar listrik ada yg mati, sinyal wifi nya jelek, sarung bantal yg 1 kain yg 1 kulit kaya buat sofa trs keras ğŸ˜’ jadi g guna, bantal dempes, seprei kotor masih ada bekas2 pulau2 (gtw deh bekas â€¦",positif
110,"Beberapa pengalaman kurang menyenangkan di hotel ini: (1) Ada live music si restoran lantai bawah yang suara masuk hingga ke kamar tidur, sehingga sangat menganggu; (2) Pengunjung dibiarkan merokok di dalam bangunan hotel, bahkan di area â€¦",negatif
111,Harga lumayan murah. Kamar bersih. Kamar mandi bersih dan cukup luas. Tersedia 2 botol air minum tanpa alat pemanas. Tidak ada kopi/teh. Air panas tenaga surya tidak ada air panas kalo malam atau subuh.,positif
112,"Sy sdh dipesankan kamar utk 3 malam +extrabed. Yg paling membuat sy kecewa adalah ketika anak2 sy mau berenang di lt 5, dicegat sm si mba gendut, katanya harus byr. Hahhhh??? Baru kali ini sy menginap dihotel, pas mau renang di suruh byr. â€¦",negatif
113,"Dari segi fasilitas kamar kurang memuaskan.  Lampunya ada yg padam, pencahayaan kamar temaram, untuk fasilitas air panasnya lama, sama banyak nyamuk.  Kl masalah makanan enak, cmn g ada menu yg menarik. Kolam renangnya luas tapi kotor dan banyak tomcatnya. Mohon ditingkatkan lagi pelayanannya.",positif
114,"Bagi traveler yang kebetulan sedang berkunjung ke kota yang memiliki jargon kota resik atau kota Tasikmalaya City Hotel bisa dijadikan rekomendasi untuk menginap. Selain fasilitas yang lumayan oke, pelayanan ramah dan yang pasti sih adem â€¦",positif
115,"Harga tidak sesuai fasilitas, tidak ada teko pemanas air, kotor, restoran seperti warteg baik tempat dan menu, breakfast seadanya, jam 8 sudah habis dan tidak di refil ketika habis banyak tidak kebagian, 2 hari berturut turut menu breakfast ikan terus",negatif
116,"Hotel murah meriah, harga terjangkau kamar juga bersih. Masakan agak kurang berasa bumbunya",positif
117,"Sayang sekali karena lokasi sudah cukup bagus, hanya service nya saja masih sangat buruk, dari mulai front office yang tidak helpful jutek dan ingnorance, saya dapat kamar yang bau dan kasur nya bikin teman saya gatal gatal, ketika minta â€¦",negatif
118,Tembok Kamarnya agak kotor,negatif
119,Hotel nyaman yg berada di tengah kota,positif
120,"Parkiran lumayan luas di sekeliling hotel, stafnya ramah tamah sopan santun, kamarnya biasa, kenapa cendelanya kok di taruh diatas ya??? Air panasnya juga kadang mati, sarapan pagi tamunya kurang di perhatikan ya, binggung cari tempat â€¦",negatif
121,Karyawan hotel cukup ramah hanya sja tempat gym dan kolam renang tidak termasuk fasilitas hotel jd hrs bayar lg,positif
122,"Kamar gelap, makanan sungguh mengecewakan. Jm 8 sudah pada habis, hanya sisa nasgor + teh. Banyak yg kecewa disana. Malahan ditawari untuk pesan di cafe dg membayar. So untuk apa voucher sarapan pagi. Sumpah kecewa",negatif
123,"Kalau statusnya siih hotel bintang tiga, tapi kalau sudah bermalam tentu bs merasakan kualitas layanan & fasilitas hotel agak jauh. AC kamar tidak bisa di kontrol dan sudah nyala sejak masuk yang dampaknya ruang kamar panas/gerah. Chanel â€¦",negatif
124,"Nyaman, view dari rooftop keren, sebagian besar kota tasik dapat di lihat dari sana. fasilitas lengkap, pelayanan baik, kemanan cukup, terdapat 1 lift, tersedia wifi",positif
125,"Resepsionis kurang ramah dan kurang menguasai tugas dan pekerjaannya. Kamar tidur dindingnya kotor dan kurang apik terkesan kusam. Kamar mandi sedikit bau.
Breakfastnyapun menunya tdk menggoda selera dgn menu seadanya kurang variasi menunya.",negatif
126,"Fasilitas nya banyak yang gak ok.
Koneksi WiFi gak ok.
Sama mungkin masih dalam tahap pembangunan jadi banyak yang gak bikin nyaman â€¦",positif
127,Saya sangat kecewa dgn  hotel city. 1 air yg seharusnya fasilitas yg utama kadang2..sangat kotor sekali. Air panas apalagi...2.apa yg ada di iklan semuanya tidak terbukti. Tv  Hnya 2 chanel.Wifi jaringan nya jelek sekali..3.. Masakan â€¦,negatif
128,Overall gue suka nginep di hotel ini. Harga murah. 250an K udah plus breakfast.  Fasilitas dapet semua. Komplit sampe ada pool n fitness center nya. Amenities pun dapet. Top ğŸ‘ â€¦,positif
129,"Secara umum, fasilitasnya bagus. Kamar nyaman, bersih dan sangat luas, cocok untuk keluarga. Ada beberapa kamar yang ventilasinya kurang baik, membuat cahaya dari luar yang bisa masuk ke dalam ruang kamar, sangat minim. Sarapan enak, dan â€¦",positif
130,Jeleeeekkk banget.saya pesan ditokopedie junior suit eh di down grade secara sepihak jadi deluxe dan saya harus membayar dengan harga yang sama dengan alesan tokopedie /booking.cok telat ngasih konfirmasi ke hotel pdhal ga mungkin â€¦,negatif
131,"Pelayanan bagus, kamar bersih termasuk kamar mandi, nyaman, sarapan nya juga enak2",positif
132,"Tampilan luar ok lah, tp kmr bau apek, sprei ada bercak2 sprti bekas air, ac kurang dingin pdhl udh 18Â° C, kmr mndi bocor, air bau, kolam renang bagian dr fasilitas hotel, jd hrs bayar lg, di kolam renang bnyak tomcat, dasar kolam berlumut, jacuzi 5dk berfungsi dan kotor, sarapan terbatas",positif
133,"Expektasi dan realita tidak sebanding, di kamar temboknya berjamur dan kurang bersih, ac nya tidak dingin, ruangan kurang kedap suara sehingga suara dari lorong hotel maupun suara kendaraan cukup terdengar ke ruangan kamar dan cukup â€¦",positif
134,4hari sudah syg kolam renang blm fungsi lg renopasi,negatif
135,"Kamar mandi bocor, basah banjir dr pertama datang, tidak ad teko listrik dan telepon di kamar, breakfast jam 8 habis tidak direfill, banyak yg tidak kebagian",positif
136,"air panas tidak ada tidak di kasih tau, tembok kamar cat berbelanja luntur, sinyal tv tidak bagus,  kamar mandi tidak sedia kan sikat gigi, bakal sarapan nya juga kurang enak telor pin limited aku jam 7 turun sudah tidak ada lagi, merasa kamar harga 550rb dapat fasilitas kayak gini NOT WORTH IT",positif
137,"Overall, harga tidak sesuai dengan layanan

Tidak ada pemanas air dan teh/kopi di kamar, tidak ada telpon untuk memesan â€¦",negatif
138,"Mantaap, lokasi strategis di pusat kota, nyaman untuk isirahat atau tempat singgah, tarif bersaing.",positif
139,"Hotel yg cukup strategis, dekat ke pusat kota. Sarapannya cukup enak, namun kebersihan room'nya perlu ditingkatkan. Cek harga terbaik dari online travel agent aja.",positif
140,Salah satu hotel di Kota Tasikmalaya yang bisa dijadikan opsi untuk menginap. Harga terjangkau sehingga sering digunakan untuk berbagai macam pelatihan. Tapi sayang di kamar yg saya tempati air panas tidak berfungsi lalu tembok kamar â€¦,negatif
141,"Kamar nya luas. Tapi terkesan agak gak terawat, kebersihan standar. Makanan sarapannya kurang variasi. Untuk rasa makanannya lumayan.. tadi sarapan makan nasi kuning uduk, tahu tempe dan ikan gurame...",positif
142,"Buat harga segini yaa lumayan aja, cuma klo buat sampo aja masa ga dikasih.... Cuma sabun cair , pasta & sikat gigi ... Klo hand body mah ga masalah yaa.... Keset dpn kamar mandi ga nyerap air.... Jd kamar ikutan becek ğŸ™Š, breakfast nya kurang enak ğŸ™ â€¦",negatif
143,"Lokasi berada di pinggir jalan yang dilalui 2 mobil. Namun saya sedikit bingung saat pertama ke tempat ini karena landmarknya tidak cukup terlihat.
Pelayanan yang diberikan baik dan ramah. â€¦",positif
144,"Kamarnya nyaman hanya saja untuk sarapan harus datang lebih awal karena jam setengah 8 makanan sudah tinggal sedikit, tetapi ada alternatif dengan membeli makanan yg tersedia di hotel.",positif
145,Bagus hotelnya parkir luas cuma wifi nya jelek bangeut parah,negatif
146,"Ada rekomendasi dari temen.cobain deh hotel citi, setelah aku survey, boleh juga hotel nya besar rapi dan bersih...klu tuk tidur ya...tapi sayang air panas tuk minum nya di luar lorong pintu,, klu bisa sih saran dari sy, disediakan semacam pemanas air minum nya di dalam kamar...soal nya aku penikmat kopi,,,terima kasih",positif
147,"Hotel dengan lokasi yang sangat strategis ditunjang dengan pelayanan yang optimal dari pihak hotel. Dengan harga per kamar yang cukup murah ditunjang dengan fasilitas yang cukup memuaskan, tersedia cafe juga kolam renang menjadikan nilai â€¦",positif
148,"Saya terkejut pada saat check in tgl 23 September 2019, ternyata status twin bed room yang saya sdh pesan dari Traveloka, ternyata sdh diisi dgn tamu lain. Semoga menjadi masukan dan perhatian serius bagi Manajemen City Hotel Tasikmalaya dan Traveloka, supaya hal demikian tidak terulang kembali. Semoga bermanfaat dan terimakasih",positif
149,"Hotel yang terletak dipusat kota tasikmalaya, mudah dijangkau dari akses dimana saja.
Hotel ini cocok sekali untuk menginap bersama teman ataupun bersama keluarga â€¦",positif
150,"tdk sesuai ekspektasi. tv buram ga bs nonton apa apa, satu selimut tipis, 2 guest rebutan. sarapan yg di hidangkan dingin, buah yg d hidangkan tdk segar. tdk cocok sama harga nya yg agak mahal. semoga bs di perbaiki.",negatif
151,"Hotelnya cukup lengkap untuk harga yang dipasarkan. Ada lift untuk kelantai atas dan juga tersedia tangga yang cukup unik.
Ada kolam renang, gym dan sauna. â€¦",positif
152,"Tempatnya ga terlalu luas dan sangat di sayangkan wcnya bau pembuangan dan kamarnya pas masuk bau rokoknya juga. Tpi, gapapa lumayan enak tempatnya.",positif
153,"Sabtu, 7 maret. Sarapan dengan menu chicken teriyaki menggoda, ğŸ‘ğŸ‘ğŸ‘ğŸ‘ğŸ‘buat koki nya. Rasa manis diawal dan pas di gigit asin nya dapat.  Best pokoknya koki nya.  Nanti kalo saya kesini lg kita berbincang sambil ngopiğŸ‘ â€¦",positif
154,Wifi dan pelayanan tlg diperbaiki,negatif
155,"Pada masa sebelum pandemi saya yakin ini hotel ramai dan bagus, saat ini sangat di sayangkan fasilitas hotel bnyk yg kurang maintenance tp saya maklum,dengan segala keterbatasannya saat ini semangat terus  untuk berdoa ya spy pandemi segera usaiğŸ™ğŸ™ğŸ™ â€¦",positif
156,Pelyanan perlu di tingkatkan lagi shower kadang ga berfungsi,negatif
157,"Jujur sangat mengecewakan, air nya hitam tidak bisa digunakan untuk mandi bahkan cuci muka pun ga bisa. Kamarnya kecil, kamar mandinya rusak, bantalnya spt bantal sofa, chanel tv dikit dan ga ada air panas. Sangat mengecewakan dg harga 300rb",negatif
158,"Parkir luas...sarapan ok. Cuma kamar mandinya kurang bersih, mungkin lantainya baru diperbaiki. Harga terjangkau dan ditengah kota",positif
159,Debenernya hotel ini udah berusaha keras untuk menjadi bagus cuma tetap sebagai tamu gw merasa hotel ini tidak sesuai dengan harganya â€¦,positif
160,"Hotel Bintang 3.? Ini Mah Kelas Melati Bergedung,Baru Tau Selama NgeHotel Di Tasik Kalo Mau Renang Bayar 15Rb Untuk Tamu Hotel Dan Gym Juga...Ngakak Ini Managementnya,Mending Yang Mau Hotel horison Grang Metro,Atau Santika Aja Gua Selalu Di â€¦",positif
161,"Nyaman...apalagi sekarang pembangunan fasilitasnya d tambah,semakin nyaman ,abis nge gym bisa langsung renang....",positif
162,"Ga ada telpon di kamar. Resepsionis bilang sarapan sampe jam 10, tapi jam setengah 10 udah bersih ga ada apa2. Kamar mandi sama kondisi kamar lumayan bersih. Tapi tv nya kesemutan. Ya lumayan sih harganya murah",positif
163,Kepaksa menginap disini karena hotel biasa tempat menginap full booked. Untuk harga yg ditawarkan sy merasa kecewa. Sangat jauh kualitasnya. Sprey kumal sarung bantal bau. Penerangan kamar kurang. Kamar mandi kotor. Pera kali masuk  kamar â€¦,negatif
164,"Sedikit review untuk ""City Hotel Tasikmalaya""

Untuk hotel bintang 3 Di Tasikmalaya cukup fasilitas. â€¦",negatif
165,"kalau ke tasik pasti nginep disini, rate room terjangkau plus dapat sarapan, kamar bersih dan nyaman, lokasi hotel dekat dengan pusat kota, tapi sayang kolam renangnya masih bayar walaupun pengunjung hotel.",positif
166,"Waktu saya check in di City Hotel Tasik, maaf spreynya bau Apek, kamar mandi bau, Handuk sobek. Kolam renang airnya kotor,  Wifi g masuk kamar.  Sebenarnya ini hotel yang bagus loh. Tapi karena fasilitasnya kurang mendukung.... Aiih saya jadi kapok dech, ga mau nginep lagi di city Hotel ğŸ˜¢ğŸ™ â€¦",negatif
167,"Ga enak lagi. Pesan kamar twin dikasih single bed, alasan kunci kamar twin rusak. Kamar bau rokok lekat di pakaian dan rambut. Kunci kamar mandi jebol. TV kecil dan saluran cuma 4 TV Nasional yg tertangkap. Semalam aja disini lalu pindah hotel.",negatif
168,"Sangat sangat mengecewakan kamar kotor sapaan habis pdhl mash pagi
Hotel dg hrga segitu hrsny tdk bikin tamu hotel kapok",negatif
169,"Parah. Bocor di kamar, di lobby ga begitu bagus sih  waktu itu kolam renang nya belum bisa dipakai. Ga sesuai sama harga",positif
170,"pelayanan OK,  kamar nyaman,  kamar mandi bersih,  meskipun harus nunggu sampai 20mnt klo mau pakai air panas,  AC dingin,  sarapannya enak,  sayang,  klo cafe nya 24jam pasti enak buat nongkrong, karena klo lapar susah cari makan tengah malam",positif
171,"Buat para pelancong yang berwisata ke Kota Tasikmalaya hotel ini bisa jadi pilihan untuk menginap. Tempatnya bagus, bersih, harganya pun cukup bersahabat. Ada aula buat rapat juga. Parkiran cukup aman dan luas.",positif
172,"Hotel untuk nginep anak2, lumayan",positif
173,"Lumayan lah sesuai budget. Sebenernya hotelnya bagus sih, cman kurang terawat saja. Semoga kedepannya bisa lebih baik lagi.",positif
174,"Umtuk ukuran tasik sudah cukup bagus,  hotel cukup dengan budget kami,

Kamar luas â€¦",positif
175,Cukup nyaman utk bangunan sepertinya renovasi dari bangunan tua... kl stay dikamar sendirian liat keluar jendela mlm2 cukup menyeramkan. Hrs bykin penerangan lg,negatif
176,"Ku kasih bintang 4, entah cuma kamarku saja yg air panas di kamar mandinya ga bisa lama panasnya.",positif
177,"Baru kali ini ke hotel tapi untuk menikmati fasilitas nya, bayar lagi.
Ke kolam renang dan fitness nya harus beli tiket dan bayar lg. Sarapan standar lah.",positif
178,menyenangkan... pelayanan ok tmpt ok tidak jauh dari kota.... pertahankan pelayanan pelanggan... saya suka sekali... mudah2an sy nanti dpt diskon hehe,positif
179,"Amit amit jabang bayi....nyesel bgt nginep di sini...mau berenang bayar..mau nge gym bayar...kata nya fasilitas hotel gak tau nya semua serba bayar..kamar gelap, gak ada telpon, AC gak dingin,kunci di kasih satu doang..ngaku nya hotel â€¦",positif
180,"Kamarnya apek, agak sedikit noda noda di sprey.
Wallpaper udah pada ngelupas. Jadi terkesan kumuh",negatif
181,"Sarapan baru sejam sudah ludes, banyak yg tidal kebagian sarapan, 2 hari berturut turut menunya sama, kamar mandi kotor",positif
182,"Tidaks sesuai dg harga yg ditawarkan....  Kamar superior triple kotor berdebu, tidak ada slipper,  sarapan payah (;crew resto lelet)  ğŸ‘ğŸ‘ğŸ‘ğŸ‘ â€¦",negatif
183,"Ni hotel brisik banget ya, mana ruangan kamar tidak kedap suara. Blm cocok kalau hotel ini bintang 3",positif
184,Kurang rekomendasi utk hotel ini .....fasilitas tdk sesuai dgn yg ditawarkan....kolam renang bayar tersendiri....kebersihan kamar kurang memadai...dibawah tempat tidur kotor sekali....tidak sesuai dgn predikat hotel berbintang 3 pada umumnya.....,negatif
185,Kumuh.. banyak tikus. Semoga beres pandemi bisa diperbaiki.. terutama fasilitas kolam renangnya,negatif
186,"City hotel.. kamar luas bersih ok nyaman, palayanan baik dan ramah loksi pusat kota tasikmalaya..",positif
187,"Pelayanannya ramah, kamar bagus cm agak kurang bersih aja seprai dan sarung bantal agak bau. Selimutnya tipis dan kecil buat berdua.",positif
188,Airnyaa sempet kotor sampai gak bisa mandi. Sempet tanya ke staff tpi disuruh nunggu. Sampai mau chek out air masih kotor.,negatif
189,Pelayanan lumayan,positif
190,"Pelayanannya kurang enak, kamar mandinya kotor, di kamar gak ada telepon,..gak ada kantin. Gak ada pemberitahuan sarapan,ac nya gak terlalu dingin, Chanel tv nya pada gak bening.. gak recomend bnget..",negatif
191,"Selama nginep di hotel kyaknya tempat ini yg kurang baik, gak ada teapot, gak ada air panas, closet nya macet... Hdeuh,  2019 balik lagi ke hotel ini saya kira lebih baik, pelayanan lebih parah,  ac bocor kamar kayak kolam,  wc mampet,  pelayanan jelek...  Woi manajemen tolong masih mau berbisnis  jasa kan??",negatif
192,"Hotel yg lumayan untuk kota Tasikmalaya. Harga lumayan kompetitif. Tapi sayang dinding kamar retak2. Tidak ada telp internal, sehingga kalau mau ke resepsionis harus ke bawah. Selebihnya sih oke. Everything works well!",positif
193,Entah kenapa..per bulan ini(katanya) . Fasilitas kolam renang buat yg menginap pun berbayar..harga disamakan dengan pengunjung luar ga mahal sih.... Cuman harus down grade ini kelas hotelnya... Ckck,positif
194,"Lokasinya strategis,  kamarnya nyaman dam bersih, ada caffe di roof,  enak buat santai menikmati indahnya tasikmalaya,  maaf kasih 4 bintang dulu,  kolam renangnya kotor,  warnanya hijau seperti ada lumutnya,  jadi ga bisa pakai fasilitasnya",positif
195,"Aku suka dg pelayanannya, kamarnya bersih dan nyaman â¤ï¸",positif
196,"Hotel di Tasikmalaya yang mudah diakses pengunjung karena lokasinya strategis dekat dari pusat kota. Fasilitas hotel dan sekitar hotel lumayan komplit,sangat memudahkan tamu hotel. Ada area fitness nya buat pengunjung yang ingin santai sambil berolahraga. Harga bersaing dan sangat terjangkau.",positif
197,"Makanan sebelum jam 10.
Bahkan jam 8 saya makan sudah habis semua
Dan bilang sudah habis â€¦",negatif
198,"Hotel maksain, bangunan belum jadi udah buka. Mana air nya bau. Berisik banget banyak nyanyi2 ga puguh.",positif
199,"Fasilitas ok si dari mulai room, breakfast nya ok lah untuk harga yg sesuai kantong, cuma kolsm renangnya kotor and bsngku2 tmptnongkrong nya ada yg rusak, all si puas",positif
200,"Toiletnya kurang bersih, yg lainnya cukup nyaman",positif
201,"Kepada pengelola, tolong diperhatikan ada nya sampah di koridor, perbaikan dinding dan bagian2 pada kamar, shower, saluran tv yg tdk bagus, handuk, sprey pada extra bed, cara personil hotel dlm memberikan pelayanan dll.",negatif
202,"Enak deket kota, tapi kamar saya kotor, mejany berdebu kyk ga dibersihinğŸ˜­ â€¦",negatif
203,"Bagus, murah, strategis, kamar luas, front office ramah... Makanan enak, hanya kurang variatif, utk kamar mandi lumayan utk handuk mungkin perlu pengadaan baru...",positif
204,Lumayan lah utk hotel terjangkau. Hanya yg membuat tidak nyaman adalah kamar mandinya yg nyaris transparan sehingga tdk nyaman kalau menginap bersama teman,negatif
205,Sesuai,negatif
206,"Tidak sesuai iklan.
Air kotor banget, kamar kurang bersih dan kumuh, kamar bau rokok, wifi ga lancar. Semua tidak sesuai iklan. Secara keseluruhan not recommended",negatif
207,"Hotel tai, saluran tv jelek kamar bau masa kolam renang bayar lagi harga segitu harus nya udh sama fasilitas kolam renang mending kalo kolam renang nya bersih inj sampah di mana mana, mahal tp tidak berkelas banyak hotel yg harga segitu udh ada fasilitas renang nya,",negatif
208,"Lokasi: pusat kota, harga: terjangkau, pelayanan: bagus, kebersihan: bersih, ada kolam renang, tempat gym, sarapannya cukup bervariasi tapi harus pagi- pagi soalnya suka kehabisan, perbaiki ya pihak hotelnya.",positif
209,"Hotelnya tidak memuaskan, kamar gelap, kamar mandi sudah kotor banyak karat, pintu kamar mandi sudah aga rusak, air tidak panas, toilet jelek di dalamnya kotor banyak bekas karat harusnya sih diganti baru, sabun mandi hampir habis, shower â€¦",negatif
210,Enak buat santai sambil denger musik live bersama Om Dudi player nya....,positif
211,"Hotel cukup besar dari jumlah kamar namun pelayanan kurang Dan beberapa complain tamu terdengar, poin plus Ada di harga yg murah Dan relatif dekat alun2",positif
212,Ruangan rapat nya bagus.. Hanya waktu coffe break dan makan selalu kehabisan gatau karena makanan di pas atau pesertanya banyak yang kelaperan :'(,positif
213,Pemanas air belum menggunakan sistem central water heater. Jadi kalo mau mandi air panas jangan lama lama ya,positif
214,"Tempatnya nyaman dan lumayan murah untuk paket meeting room, cuma toilet umum nya agak kotor dan kebetulan lagi renov jadi agak berantakan",negatif
215,"Selama 1 minggu nginap di city hotel ,sangat memuaskan,thanks!",positif
216,"Terbaik di harga ini, perhatikan kebersihan dan bau ruangan kamar  jamgan karena terlalu murah mengorbankan segalanya, semiga bisa ditingkatkan, sukses selalu",positif
217,"sarapan kurang enak, saluran tv cuma 3 atau 4 chanel aja dan ga bersih siaran ya, mau chek out harus di cek dulu kamar nya baru tanda pengenal di kasihkan, takut ada yg ......",negatif
218,"Harga murah,kamar bersih, pelayanan good",positif
219,Harga terjangkau. ,negatif
220,"Lokasi pusat kota..,dekat dengan central kuliner, tempat nyaman, pelayanan cukup baik..",positif
221,sangat memuas kan,positif
222,"Nyaman,bersih,fasilitas komplit,lokasi dekat pusat kota",positif
223,Lumayan murah harganya.. tapi sarapannya terbatas pilihanny . Dan tudak ada teko di kamar harus meminta dulu kepada pegawainya,positif
224,Tempatnya berantakan... Kamarnya tdk nyaman...,negatif
225,"Banyak promosi, tetapi kebersihan kamar wajib jadi perhatian manajemen hotel. Urusan sarapan masih kurang beragam.",positif
226,"Makanan enak,kamar bersih tapi lembab pas masuk bau jamur",positif
227,"Pegawai receptionist nya kurang ramah, pas mau masuk kamar masa bau rokok, sarapan nya masa sama mie benyek duh diluar ekspektasi bngt ğŸ˜£ â€¦",positif
228,"Dapet kamar yg bocor, air flas bau comberan, breakfast jam set8 sudah habis. Selebih nya ok",positif
229,"Dikemas dalam kemasan berkelas,tapi sayang pelayanan nya kurang memuaskan saya minta kopi aja ga dilayanin mungkin karena saya visitor lokal,boyroom nya kurang sopan saya minta petunjuk nomor kamar aja ga di anterin ampe nyasar ke lantai 3 â€¦",negatif
230,Rooftopnya enak. Tempatnya klasik. Masih ada tangga panjang yang cocok untuk foto prewed.,positif
231,"Parah! Ga akan ke sini lagi.. ga sesuai dengan harganya! Kamar bau wc, bau rokok, manajemennya ampun deh, bfast hotel pertama yang ga saya makan seumur hidup karena ga menarik sama sekali.",positif
232,"1. Pintu kamar mandi kamar 258 rusak
2. Lampu tidur kamar 258 mati sebelah
3. Kolam renang airnya keruh(tidak jernih) â€¦",negatif
233,"not recommended hotel
sangat buruk
saya sampai tdk mandi pagi sebelum check out krn air kotor sangat hitam â€¦",negatif
234,Hotelnya kotor. Baik di roomnya mau di setiap lorong hotelnya. Wifinya jg jelek. Saya sarankan anda tidak usah menginap di hotel ini.,negatif
235,"Mantul suasana yg tenang tanpa suara bising Dr kendaraan, hbs nge gym bisa langsung renang....ğŸ’ªğŸ‘ â€¦",positif
236,"Hotel yg wajib di kunjungi klw ke tasikmalaya , harga murah  , fasilitas oke , wi-fi kenceng , kolam renang rooftop nya keren dgn pemandangan gunung galunggung , mushola nya bersih, lift bagus , breakfast sistem prasmanan dengan menu komplit enak , dekat dengan pusat kota",positif
237,"Hotel dkt pusat kota namun di kamar perlu dilengkapi alat pemasak air, air panas utk mandi pagi tdk berfungsi dan tv gambarnya tdk j3las. Mohon ditingkatkan pelayanannya",positif
238,"Tempatnya bagus,kolam renangnya kurang bersih(berlumut),klo blh saran tehnya diberi gula&menu kurang enak. Mohon pelayanan semakin ditingkatkan lg.",positif
239,"Baik. Kekurangannya saat penggunaan air panas harus menunggu sampe 10-15 menit
Kamar 237 aromanya spt deket pembuangan tinja",positif
240,Hotel yang strategis bagi para pelancong,negatif
241,Sangat tidak nyaman istirahat kami krn br ada proyek pembangunan... Suara gerinda waktu saya masih istirahat dan palu...,negatif
242,"Bad service,air panas ga nyala,sarapan msh mendingan di warteg,kolam renang ga bisa dipakai,lampu kamar ampir mati(bukan redup on purpose)",negatif
243,Pelayanannya bagus. ,positif
244,"Ini hotel dekat dengan pusat kota, makanan yg disajikan saat breakfast juga enak , staff nya ramah., fasilitas Gym , kolam renang dan yg terpenting bisa Sauna juga ., enak banget ., Pulang kerja ke hotel bisa langsung coba Sauna nya ., staff nya juga ramah banget dan very helpful ., Thank you",positif
245,Hotel dg harga yang murah dengan ambience yang cukup nyaman.  Pemandangan dari rooftop di sore hari menjadi nilai plus. swimming pool serta gym nya juga oke.,positif
246,"Terdapat meetingroom yang Cocok buat kegiatan Pelatihan, maupun kegiatan meeting lainnya. kamarnya baik bersih, makanannya enak. kamar keluarga dengan kasur doble",positif
247,"Masjid dan toiletnya kedepan bisa lebih nyaman lagi...
Kalau kamarnya mah oke lah, gedung pertemuannya jg nyaman.",positif
248,"Paraah fasilitasnya, pelayanan nya juga gak maksimal, hanya pelayanan parkirnya aj ygvbagus",negatif
249,"Jika yang belum pernah ke Korea, berkunjunglah kesini, Soul in Dago Bandung",negatif
250,Toilet yang dekat musholla airnya kurang lancar dan agak kotor. Lantai Tempat wudhu musholla tergenang air hingga kurang nyaman ke kaki.,negatif
251,"Hotel Baru, kamarnya nyaman, lobi luas, Hanya saja wifi internet lemot. Semoga management meningkatkan kualitas internet wifi yang disediakan, jangan Hanya kamar dekat lobi. Tq",positif
252,"Jorok gak bersih banyak sarang laba""",negatif
253,"Cukup nyaman, sebaiknya ada lokasi khusus perokok saat breakfast, agar tidak menggangu tamu yg lain",positif
254,Kebersihan kurang terutama untk d bagian kamar mandi meeting room yg d lantai 6. Dan dalam lif juga banyak sampah.a,negatif
255,"Hotelnya lumayan bagus, harga terjangkau sayang pelayan di resto sangat tdk ramah dan mengecewakan....SDM nya tidak berpendidikan",positif
256,Sederhana dan cukup nyaman,positif
257,Lumayan bagus hotel di tasik ini.harganya cukup murah dengan menu breakfast yang bervariatif Dengan staf dan keamanan yang ramah. Good,positif
258,"City hotel waktu pertama masuk kurang menarik tapi setelah masuk tÃ©rnyÃ ta enak dan suasana menyenangkan tempat pertemuan enak apalagi lt 5 ada kolÃ m renang dan gym .harga terjangkau.bisa selfie
.",positif
259,Pelayanannya ğŸ‘ğŸ½ kamar bersih.. sarapan nya enak.. â€¦,positif
260,"Kecewa sama kolam renangnya, keknya tiap kesana mesti pas kotor terus deh. Gak pernah di bersihkan kah?",negatif
261,"nyaman, sangat cocok untuk melepas lelah saat liburan ke tasik.

kolam renang,, terlalu dalam buat anak"".",positif
262,"Buat hotel budget.. kamar gak ada telepon, kasur serasa apek, kamar agak gelap.. Atap kamar tinggi.. Jadi lega. Posisi strategis mudah dijangkau dan dekat pusat kota.",positif
263,Air mati tidak bisa mandi semoga city Hotel bisa memberikan pelayanan lebih baik lagi...demi kenyamanan tamu dan kesuksesan hotelnya.,positif
264,"Hotelnya bersih, bangunannya sepertinya bangunan baru, fasilitas parkir lmyn luas, ada kolam renang&fasilitas kebugaran lainnya, overall lumayan oke laahh",positif
265,Kamarnya luas. Tapi interiornya agak old. Breakfast nya juga nggk banyak pilihan. Suara burung nya lumayan lah. Ngebangun suasana.,positif
266,Harga terjangkau strategis dkt rumah sakit pasar..fasilitas lengkap cuman sayang menu sarapannya ga ada lauk ayam atau daging dan sedikit,negatif
267,"Receptionist kurang ramah ga ada senyum2 nya sma sekali, lampu remang,wc bau pengap, kmar standar jendelanya d atas biar apa??",positif
268,"Water heater gak lancar, kolam renang licin, air kolam kotor daaannnn kolong kaaur kamar kotorrr abis jorok!",negatif
269,Lokasi yg strategis..pelayanan nya bgs.. Ramah..makanan kurang variatif.. fasilitas msh dlm pembangunan jd belum lengkap cuma ada gymcenter,positif
270,Bagus tapi pembangunan belum beres/rapi 100 %. Masih ada renovasi sana sini dan kurang tertibnya pembagian free sarapan untuk tamu.,positif
271,"Hotel baru 2016 tapi kurang perawatan, kualitas bangunan juga kurang baik sehingga dinding kotor dan gelap. Ayo ditingkatkan pelayanan dan kualitas kamarnya",negatif
272,"Kerenlah sesuai dgn harga...,,  klu untuk breakfastnya.. Hmmm... Mending kulineran sendiri aja disekitaran lebih puas",positif
273,"Ramah pelayanannya, semua lengkap ada Mushola yang bersih di lantai paling atas",positif
274,Bangunan bagus tapi fasilitas kamar Kotor seperti hotel lama. Sarapan tidak sekelas hotel. Parah menunya,positif
275,"Menyediakan banyak ruang rapat sehingga kegiatan kantor terakomodir, dekat dengan kantor, tetapi toilet umum kurang diperhatikan kebersihannya",negatif
276,"Tempatnya bagus, bersih, rapi. Kamar mandi aja sedikit kotor, tp overall cukup nyaman.",positif
277,Hotelnya nyaman bersih dan indah .. Cocok buat yang mau bermalam menikmati suasana malam kota tasik yang sunyi,positif
278,"Hotelnya bersih, nyaman, ada kolam renangnya dengan view dan konsep yg luar biasa, fasilitas lengkap dengan musola",positif
279,"Mungkin buat fasilitas kamar mandi nya aga di bersihin dikit sih ga terlalu kotor atau gimana,tapi buat kenyamanan pelanggan saja",negatif
280,"Hotel luas,bersih,hanya sedikit kurang perawatan dibagian umumnya.
Kamar bersih dan luas
Letak strategis didekat kota dan mayasari plaza.",positif
281,Pelayanan cukup baik.. kolam renangnya 1/10.. makanannya 3/5... Kalau buat harga bagus bangetttt... Makasih yaa,positif
282,"Tidak nyaman dengan musik yang mengganggu hingga malam, dan kecewa dengan sarapan yg tidak direfill saat makanan tertentu sudah habis",negatif
283,Saya ke sini biasa gym lumyan lakh buat berkeringat,positif
284,"Kamar bagus ada breakfest,tempat fitnes kolam renang sama sauna ada pokonya mantap City hotel,,,jaya terus City hotel",positif
285,"Air panas nya gak keluar...,di lantai 3 bnyak kupu2..klo malam",positif
286,"Baguss .. ad kolam renang nya
Lobby nya keren .. sarapan nya juga enak
Kamar bersih . Bagus pokok nya",positif
287,"Tempat fitness dan nya bagus, namun sayang wifi nya jelek, air panasnya gak keluar, mohon di perbaiki karena dari segi lokasi lumayan nyaman",positif
288,Cukup nyaman dan murah hotel nya dekat pusat perbelanjaan...sudah termasuk breakfast,positif
289,"Gedung doang dari luar terlihat bagus. Dalamnya... Kaya hotel Melati.
Aduh klo ada uang lebih mah... mendingan cari tempat lain deh.",positif
290,"Makanan kurang lengkap
Lampu kamar mati sebelah
Air panas nya ngalir kecil",negatif
291,"Hotel sangat tidak terawat, kotor, fasilitas noob. Mengecewakan",negatif
292,sangat memuaskan..pelayanan prima...rekomendasi untuk penginapan yang nyaman.,positif
293,gk terlalu nyaman. tp murah sih.. sesuai harga lah,positif
294,"Hotel strategis yg berada di tengah kota tasikmalaya, dengan harga terjangkau juga terdapat fasilitas yg lengkap, mulai dari kolam renang dan gym.",positif
295,"Tempat kotor, pegawai cuek, kamar rusak, wc mengerikan, lift rusak",negatif
296,"Pelayanan Ramah, kamar nyaman, kolam renang, gym dan sauna fasilitas dengan biaya tambahan masing2.. Sayang kesini kolam renang sedang di kuras..",positif
297,"wcnya serem bau, terlalu mahal untuk kualitas kamar seperti itu",negatif
298,"lumayan buat menginap semalam, breakfast masih bisa diimprove lagi",positif
299,Hotelnya bagus dan ada di pusat kota tasik mudah di jangkau,positif
300,"Lokasi yang sangat strategis di pusat kota, namun terkadang aktifitas kendaraan keluar masuk hotel membuat lalulintas sedikit macet di jam jam tertentu",positif
301,"Pelayanannya Dan Tampat nya Bukan kelas utk hotel. Masih standard penginapan biasa,syg bgt pdhl Tampat gede sekaliğŸ¤” â€¦",negatif
302,"Murah,kamar nyaman,letak mudah di jangkau ,masakannya enak. Minus nya TIDAK ADA WIFI DI KAMAR",positif
303,"mushola kurang nyaman dan kurang besar. tata letak mushola yang kurang bagus, gak nyaman karena waktu sholat banyak orang lain yang lihat.",negatif
304,"Hotel besar, pelayanan ramah. Tapi fasilitas hotel kurang terperhatikan, makan pagi gak enak",positif
305,"Tempatnya bersih...aman..nyaman...dekat ke pusat kota (mall, pasar, bioskop, taman kota, GOR, Mesjid Agung, Gereja, Wihara, rumah sakit, dll)",positif
306,"Tempatnya cukup enak, makanannya enak, fasilitas nya baik, tapi saya kurang suka dengan aksen tekstur kayunya. Mungkin bisa di buat lebih rapih",positif
307,Pelayanan reseptionis kurang baik. Kamar tidak terlalu bersih. Lift kotor.,negatif
308,City Hotel Lumayan Nyaman dan cukup bersih tempat nya kolam renangnya ada di atas gedung,positif
309,Fasilitas lengkap,positif
310,"Kebersiahan kamar kurang terjaga, begitu pula dengan fasilitas penunjangnya kurang diperhatikan..",negatif
311,"Tapi buat budget kepepet mah bisa juga, yg penting bisa istirahat",positif
312,"Tempatnya lumayan bagus, tetapi kamar bilas nya, airnya hitam lama lama kuning.",positif
313,Saya kesini pas saudaraku dari Jakarta datang sama keluarganya n nginep disini,negatif
314,"Tempatnya nyaman deh pokonya, bisa buat kumpul"", berenang, gym.. dll",positif
315,"Tempat cukup nyaman
Kurang senyum dari para karyawan",positif
316,"Hotelnya bagus untuk foto hanya saja kurang perawatan kamarnya
Seperti hordeng kotor air panas tidak panas",positif
317,"Kamar bersih, ada kolam renang di rooftop. Cuma sarapan paginya yang perlu ditingkatkan",positif
318,"Tempat nya nyaman, murah dengan kualitas prima,, pokoknya keren lah
Renang yuukk.. Atau nge-gym?
Segala ada lah..",positif
319,"Untuk fasilitas nya segala ada, ga kalah sama bintang 3 tapi untuk WC & Mushalla nya tolong lebih dibikin nyaman",positif
320,"Sarapannya habis2an, air panas tidak menyala, ada bercak2 di seprai dan selimut. Not recommended",positif
321,"Tidak sesuai yang diiklan,
Kebersihan kurang, apalagi kamar mandi. cs gak ramah,",positif
322,"Kamar pengap dan gelap, view kamar buruk, sarapan sangat sangat standar, pelayanan cukup baik.
Come here again? No",positif
323,"Sprei nya unyu sekali warna ungu ğŸ˜­
bangunan nya kurang terawat â€¦",positif
324,tempat fitnesnyaa lumayan komplit cuma sayang banyak yg rusak tapi ga ada perbaikan. tapi murahh sii lumayan.,positif
325,"tempatnya enak, cuman karna tiap ruangan tidak kedap suara, jadi susah untuk istirahat tenang",positif
326,"Sarapannya ngga banget,,,kelas hotel bintang 3 sarapan nya buruk.",negatif
327,"Pintu kamar mandi rusak, kamar kurang oke, waktu sarapan hingga jam 10 tapi jam 7.30 sudah habis",negatif
328,"Kalo bukan undangan.. kayakny kurang disarankan disini, colokan dikamar banyak selain itu kurang OK",positif
329,Hotel nya bagus parkir luas harga bersaing,positif
330,"Harga murah, tapi untuk fasilitas dan kebersihan ruangan kurang baik. Mohon ditingkatkan kembali kebersihan ruangan nya",positif
331,"Kamar representatif...pelayanan oke, gasilitas  prokes diterapkan..",positif
332,"Selimutnya kurang tebel, sarapannya menunya kurang. Semoga kedepannya lebih baik lagi.",positif
333,Kamar tdk bebas rokok...kolam renang blm jadi dan gak ada telepon.,negatif
334,Selain nyaman fasilitasnya juga gak kalah sama hotel bintang 4-5 cuma sayangnya masih terbilang baru.,positif
335,"Sy kebagian harga yang mahal,  gak kebagian sarapan pagi, cuma dapat langsung doang, padahal baru jam 8.50",negatif
336,"Walau saya hanya sebentar mengunjungi teman yg lagi kegiatan disini, kelihatannya tempatnya enak, nyaman, asri, adem...",positif
337,Oke lah,positif
338,pas masuk kamarnya bau rokok ğŸ¤£ dan sprei nya kotor. dindingnya ga dicat lagi heuu â€¦,negatif
339,Tempatnya bersih pelayanan baik dan ramah. Harga relatif terjangkau. Makanannya enak dan mudah di cari,positif
340,Sesuai dg harga,negatif
341,Kayanya di tasik baru pertama nemuin hotel yg menyediakan akses utk penyandang disabilitas yaitu City HotelğŸ‘ â€¦,positif
342,"Hotel yang nyaman,
terima kasih, mudah2an kondisi wifi nya sudah bisa lebih baik lagi",positif
343,"Tempatnya enak dan bersih, cuma skr lagi pengembang",positif
344,"Fasilitasnya kurang lengkap,  tdk ada pemanas air sama  tdk ada fasilitas air panas",negatif
345,Hotel yg bagus lux di lengkapi robot vacum cliner sehingga lantai bersih tidak berdebu,positif
346,Cukup nyaman. Tempat parkir mungkin harus diperluas. Sepertinya masih dalam tahap penyempurnaan,positif
347,"Kamar lembab, selimut ada yang basah. Saya merasa kurang nyaman",negatif
348,"Saluran pembuangan air nya jelek, hawa septic tank masuk ke kamar , bau, tidak nyaman, kamar berjamur :(",negatif
349,"Buruk sekali,pelayanan nya sangat tidak bagus dan kamarnya tidak sesuai dengan harganya.
Saya sangat kecewa sekali",negatif
350,"Tempat nyaman. Baik.
Sedang dalam pembangunan.",positif
351,"Hotel d tengah kota tasik yg asik, kekurangan kamar pengap mgkn krn sirkulasi udara yg kurang, tp tempat nyaman",positif
352,"Cheap Hotel..wlo harga standard tpi fasilitas lumayan lengkap, cocok utk para backpacker yg sdang berkunjung ke Tasik",positif
353,waktu acara event listriknya mati terus..support dari team hotel juga kurang..sepertinya karyawannya sedikit,negatif
354,Hotel lumayan strategis hanya pengelola kurang memperhatikan kebersihannya,negatif
355,Hotel ternyaman dengan harga super bersahabat,positif
356,"Tempat nya lumayan nyaman. Ada Fasilitas Gym, restoran dan aula untuk meeting",positif
357,"City hotel pelayanannya baik, sarapan enak cuma kamar mandi kurang bersih",positif
358,"Cukup bagus dan nyaman, meskipun aku belum bermalam, thanks",positif
359,Kurang professional bahkan KTP pun hrs ditinggal sprti hotel short time jaman dulu kala........,negatif
360,Tempat gym ok....perlu dibenahi kamar mandi u bilas sehabis renang dan juga loker tempat gym .,positif
361,Harga terjangkau.. Nyaman.. bersih.. pelayanan baik.. menunya enak.. ğŸ˜Š â€¦,positif
362,kolam renangnya gak layak banget. super kotor banget,negatif
363,Tempat nginep pilihan utama ketika ke tasik. Murah dan pas. Meskipun msh banyak yg mesti dibenerin,positif
364,"Not bad,lokasi pusat kota, harga standar hanya kamar mandunya krg nyaman",positif
365,Layanan bagus dan makanannya jg enak,positif
366,Sayang tdk terawat semuanya... lantai kamar msh kotor,negatif
367,"Nyaman,
Bersih
Resepsionis nya ramah â€¦",positif
368,"Sangat mengecewakan, karena bed cover dan selimut kotor membuat saya gatal gatal",negatif
369,"Hotrlnya ckup nyaman,tersedia jg ballroom untuk pertemuan.dekat dengan masjid agung tasikmalaya",positif
370,"Pas dikantong
Fasilitas oke
Cm wifi aja yg katanya gratis tp ga bisa diakses",positif
371,"Kamar sempit, kasurnya keras ga empuk pernya kerasa banget bikin sakit",negatif
372,"Sesuai dengan harga, hanya saja penerangan di kamarnya kurang terang..",negatif
373,"Lumayan lah, walaupun tembok nya sdh keliatan kotor",negatif
374,"Pas sesuai budget, roof top nya lumayan bisa di nikamatin. Selain itu semuanya standart",positif
375,"Murah nyaman , pelayanan memuaskan resik tempatnya",positif
376,"Bujet hotel di Tasikmalaya.

Okelah, deket dengan taman kota, banyak rumah makan di sekitar hotel â€¦",positif
377,Hotel city lody jaya mantap. Banyak kontribusi Kegiatan sosial nya utk lingkungan sekitar,positif
378,Jam 10 malam masih ad yg karaoke... Ranjang kotor ad debu,negatif
379,"Nyaman , lokasi strategis",positif
380,Handuk bolongÂ² .. yg lainnya not bad laaah,positif
381,Mantep lah. Yg kurang cuma parkiran. Murah and nyaman,positif
382,"Lokasi strategis, kamar nyaman, air hangat tersedia, fasilitas ok..",positif
383,Cukup nyaman hanya saja Kurang bersih berdebu alnya,negatif
384,Kurang pas kamar nya...tp tampilan luar nya krenn,negatif
385,"Hotel baru dengan kamar yg lumayan nyaman, hanya kondisi kamar mandi yg kurang",positif
386,Hotel nyaman untuk semua kalangan cocok,positif
387,Kalau mau mndi air panas kudu dikucurin sekitar 5-15 menit...,positif
388,Tempat nya okey semua hanya water heater nya agak lambat panas nya tapi buat tinggal & pelayanan nya bagus,positif
389,"Hotel nya terjangkau, pasilitas yang di berikan pun lumayan lakh enak",positif
390,"nyaman, cuma malam pertama nginep sabun di kamar mandi kosong ğŸ˜• â€¦",positif
391,"Hotel bersih, kolam renang bagus dilantai atas, dekat pusat kota",positif
392,standar.. dpet harga lagi tinggi ditravel***,positif
393,pintu nya kurang baik susah di tutup nya perlu perbaikan,negatif
394,"Nyaman, bagus dan masakannya enaka mantap",positif
395,"Wifi tdk bisa dipakai dikamar, wifi hanya di lobby.",negatif
396,Hotel yg luas untuk ukuran kelasnya...ruang meeting nya lumayan,positif
397,"Tempatnya bagus banget, bersih dan nyaman. Kamar mandinya nyaman banget",positif
398,"Asyik juga tempatnya, bisa lihat2 Jakarta di jendela kaca atas, apalagi kalo malam",positif
399,Lumayan bagus cukup lah standar istirahat lokal,positif
400,"Bagus, tapi sayang kamarnya perlu diupgrade lagi biar lebih nyaman",positif
401,"AC kamar netes air, namun segera ditangani dg baik.",negatif
402,"Fasilitas ibadah (mushola)  yg mungkin lebih diutamakan, akses nya mudah diketahui.",positif
403,masih kurang bersih dalamnya... mungkin banyak renovasi kiri-kanannya...,negatif
404,"Pelayanan cukup baik, suasana nyaman, tempat parkir kurang luas, ada musholla.",positif
405,Hotel dengan fasilitas lengkap harga terjangku dan ada dipusat kota,negatif
406,Perlu ditingkatkan lagi agar bisa bersaing sama hotel yg dah punya nama,negatif
407,cocok buat yg lagi backpaker an di kota tasik..pelayanan ramah..kamar bersih..parkiran luas,positif
408,Hotel plus tempat gym... Suasana gymnya nyaman.. instrukturnya ramah dan profesional,positif
409,"Menyebalkan,sdh book agoda tapi dateng tiba2 sdh tidak bisa cek in",negatif
410,"Lumayan, sayang tempat parkir lagi di renopasi,,jadi sempit",negatif
411,"Terjangkau, murah, fasilitas lengkap kayak hotel bintang 4, bersih dan makanan enak",positif
412,Tmpatnya bagus..gym nya ok. Coba kalo ada caffe nya lebih mantafffğŸ‘ â€¦,positif
413,Harganya tidak sesuai dengan kualitas. Banyak retakan.. Kamar dan wc sangat standar,negatif
414,bagus pelayanan ramah ada live nya ada tempat olah raga nya,positif
415,"Nyaman banget,, cuma ac nya ga terlalu dingin",negatif
416,Tempat gym favorit saya di hotel city lantai 5,positif
417,harga murah fasilitas mewah...ada kolam renangnya juga lho... gym juga ada..,negatif
418,"cukup bersih, sayang internet ke kamar tidak bisa. sarapan cukup tapi tidak ada jus",negatif
419,Breakfast dan fasilitas kamar yg kurang memuaskan untuk kelas kamar terendah,negatif
420,Good food tapi wifi tidak berfungsi no connection to internet,positif
421,Hanya ruang meetingnya dan lahan parkir yg lumayan .. lainnya biasa saja,negatif
422,Hotel enak dan nyaman..sayang airnya keruh untuk kolam renang,positif
423,"Cocok utk istirahat, klo kita dari perjalanan jauh",positif
424,Hotel murah & rekomen klo buat transit makan-tidur,positif
425,"Pilih disini, jika cari hotel di kota tapi udah ngak ada lagi yg lain",negatif
426,"Pelayanan ramah, kolam renang sma gym dilantai atas ğŸ‘ recomended di Tasik â€¦",positif
427,"Nyaman,akses ke kota dekat,terjangkau",positif
428,tempatnya lumayan bagus+bersih cm sayang tv'nya kecil banget... ğŸ˜ â€¦,negatif
429,"Pelayanan Ok
Kualitas dan kebersihan kamar perlu peningkatan",positif
430,"kolam renang anak nya asyik..makanan nya enak enak,,, bisa ikut nyanyi di restaurant nya",positif
431,Lumayan enak tempatnya .. bersih .. tenang .. wifii kenceng,positif
432,"sinyal Wifi ga sampe dalam kamar, lemah......air panas di kamar mandi lama....",negatif
433,"Bocor bocor, kami tamu tgl.24,25 dari Jkt kecewa...AC g bisa dikecilin...",negatif
434,"Banyak instalasi yg rusak, kurang terawat, menu sarapan kurang variasi",positif
435,Nyaman dengan tempat parkir luas. Dapat menikmati kota Tasikmalaya dari segala arah.,positif
436,"Hotel lumayan murah yang ada di Tasikmalaya, enak untuk yang berkunjung ke Tasikmalaya dengan dana pas pasan",positif
437,"Lumayan tempatnya, hotel terjangkau tarif nya",positif
438,"Hotel bintang tiga dengan fasilitas yang cukup memadai dan selalu ramai dikunjungi.,",positif
439,Kamar nya nyaman bersih,positif
440,"Goblok, kamar 2 orang 220k tp klo 3 orang harus nambah 150k",negatif
441,Harga oke.pasilitas lumayan bersih lengkap,positif
442,"Pertama kali ke Tasikmalaya, dapat penginapan yang baik rapi ..ekonomis ğŸ‘ğŸ‘ğŸ‘ â€¦",positif
443,"Tempat kurang strategis,pelayan kurang sigap,kamar kurang bagus,makanan lumayan",negatif
444,"Sarapan nya kurang lengkap
Kalo habis ga d refil",negatif
445,"Hotel yang cukup nyaman, ada tempat gym dan kolam renang juga",positif
446,"Kamar jorok, ga nyaman, ga ada wifi, ga rekomendasi banget pokok nya",negatif
447,Sebenere sih bagus cma pelit air panas sajahh hehe,positif
448,"Wkt inap di kamar 315 saar hujan air masuk lwt jendela kaca, air menggenangi lantai",negatif
449,"Kamar kurang bersih, makanan tidak direfill",positif
450,"Nyaman sih, tp wifi hotel nya ga bagus",positif
451,Hotel city menyenangkan dengan fasilitas lengkap ada sweeming fool dan tempat fitnes,positif
452,Saat masuk kamar tercium aroma kamar yg kurang sirkulasi udara... Pengap,negatif
453,"Harga sesuai dengan kualitas dan kenyamanan yg di dapat, jadi tak usah berharap banyak",positif
454,Fasilitas Hotel Nya Sangat Bersih Dan Rapih,positif
455,"Tempat lumayan nyaman, 6 lantai. Cuma jalan didepan kecil.",positif
456,Buat buka bersama lumayan nyaman....dan range harganya dua jempol dah...,positif
457,smoking areanya nyaman dan bisa melihat kota tasik dari atas,positif
458,Hotel di pusat kota dekat dengan pusat perbelanjaan akses mudah fasilitas bagus,positif
459,Lumayan bagus hanya sanyang terkadang airnya item,positif
460,Parkiran nya cukup sempit dan kolam renang nua juga kecil,negatif
461,"Selalu menginap disini setiap trip Tasikmalaya, cuma fasilitas masih perlu diperbaiki",negatif
462,Ac ga nyala. Air panasnya lama. Kurang recomended,positif
463,Hotel nya nyaman jd bakal sering kesiniğŸ¥°ğŸ¥°ğŸ¥°ğŸ¥°ğŸ¥°ğŸ¥°ğŸ¥° â€¦,positif
464,"Tempat fitnessnya ok banget, trainernya ramah dan bersahabat.",positif
465,"Hotelnya bagus, tapi sayang musholanya kurang difasilitasi hehe",positif
466,Senang,negatif
467,Suasananya nyaman tempatnya oke.. aula ada dua atas dan bawah..,positif
468,Mantap murmer 258rb pesen via ag*da dapat fasilitas memuaskan,positif
469,"Air mandi tdp panas, ac di kamar lama",positif
470,Cukup nyaman dan bersih harga miring,positif
471,"Baru nyobain gym. Gym 160k worth it, trainer 300k ğŸ‘Œ â€¦",positif
472,"Kebersihn perlu di tingkatkn,terutama bathroom n public area, breakfast ok....",positif
473,Mungkin lagi perbaikan yaaa kamar banyak bocor,positif
474,kamarnya kotor.. gak recommend denhmgan harganya,negatif
475,"Hotelnya lengkap peralatanya, tp produk jasanya kurang banyak.",positif
476,Tampilan luar tidak sesuai dengan kondisi kamar. Sangat buruk.,negatif
477,"Hotel cukup  yaman, makanan enak, akses tengah kota",positif
478,Lumayan strategis dekat pusat kota dgn tarif terjangkau,negatif
479,Murah sekali..sarapan enak,positif
480,Tempatnya bagus... bisa dipake rapat nikah dll,positif
481,"Airnya kotor, sprei serung",negatif
482,"Hotel lumayan baru. Suasana tidak terlalu ramai, harga ekonomis",positif
483,Kamar nya kecil di type deluxe apa bilang di bandingkan dengan hotel lain nya,positif
484,"Nyaman, semoga kedepan lebih nyaman lagi",positif
485,"No telepon, no smoking room..... Tapi cukup nyaman untuk istirahat",positif
486,Hotel nyaman bersih cuman siaran tvnya burem,positif
487,Kasur n sarapan oke.. kamar bersih,positif
488,Hotel ny kurang bersih . tidak ada nonsmoking room.,negatif
489,"Harga terjangkau, pelayanan lumayan lah",positif
490,Rada horor sis menurut w tmpatnya. Masakannya kurang,negatif
491,"Tempat pusat kota, enak cukup tenang, ada room meetingnya juga",positif
492,"Air panas ga ada, keset kotor, tisu habis,",negatif
493,"Acara disini berkali2, tapi makin kesini makin ga ox, tempat juga kotor",positif
494,"Sayang, hotel sekelas City, di kamar gak ada wifi....",negatif
495,"Air nya kdang tdk keluar, wc nya gk nyaman",negatif
496,Cuma kasih bintang 2.. Sarapan ngga enak,positif
497,Berada di pusat kota membuat hotel ini mudah dijangkau.,positif
498,"Nyaman, deket dengan 2 pantai",positif
499,"Kamarnya kotor, air di toiletnya ga nyala",negatif
500,Bagus hotelnya murah dan fasilitas oke,positif
501,Pikir 2x deh kalau mau nginep disini,negatif
502,"Interior hotel cukup baik, alangkah lebih baik bila kelengkapan hotel ditambah",positif
503,Masih perlu di benahi tata ruaangnya,positif
504,CITY HOTEL itu menyeunangkan suasana memuaskan kualitas sungguh baik serba bagus,positif
505,No Coment.... tau juga nggak hotelnyağŸ˜† punten numpang lewat. â€¦,negatif
506,Breakfast nya jelek jam 8 udah kehabisan,negatif
507,Masa sarapan az kehabisan pd hal msh stgh 9,negatif
508,Interior room nya sdh perlu di upgrade,negatif
509,Lumayan nyaman juga...  Cuma harus sedikit di rapihin lagi...,positif
510,"Hotelnya megah, tapi perawatan nya kurang baik.",positif
511,"Air panasnya ga ada, sarapannya ke abisan",negatif
512,Adem ya... Parkir lumayan luas. Aman dan nyaman.,positif
513,No Good sarapan baru setengah 8 sudah pada habis,positif
514,Harusnya handuk yang sudah tidak layak pakai jangan di berikan untuk di pakai konsumen,negatif
515,Okk,negatif
516,Hotelnya mojok di jalaur 1 arah untuk acara besar membuat jalanmacet,negatif
517,Tempat dalamnya bagus cuma dari luar terlihat kumuh,positif
518,"Tempatnya nyaman, tapi sarapannya kurang memuaskan",positif
519,Kebersihan dan menu sarapan tolong lebih diperhatikan,positif
520,"Dikamar tidak ada tlp, sarapan jam 8 sudah habis",negatif
521,Water heaternya kaga panas dan cat kamar sudah dekil,negatif
522,Memuaskan dan pelayanannya baik,positif
523,"Sarapan nya enak cocok di lidah, tempatnya nyaman",positif
524,hotel recomended di Tasikmalaya,negatif
525,Banyak acara yg bisa di adakan disini. Seperti meeting atau seminar,positif
526,Servis makan kurang baik blm waktu tutup makanan sudah di angkat,negatif
527,Toilet nya bersih ..  pelayanan nya amat bagus,positif
528,pelayanan tidak profesional sebagaimana mestinya hotel bintang 3,negatif
529,Hotel tudak layak..air dan kamar kotor,negatif
530,"Hotel yang bagus, ruangan yang sederhana rapih dan bersih, perfect ğŸ‘ â€¦",positif
531,Asri..kolam mantep... Ada gym juga luas tempatnya,positif
532,Istirahat dulu biar fresh,positif
533,"Tempat nyaman.
Terdapat tempat olahraga, ruang rapat dll  ğŸ‘ â€¦",positif
534,lumayan buat sales yg luar kota .tmpt nyaman .,positif
535,Hotel nya Ok lahg untuk Harga yg Terjangkau,positif
536,"Harga Berbicara, yah... Begitulah, ada harga ada rupa",negatif
537,Harga terjangkau.bapak manajer nya ramah sekali,positif
538,"Utk kota kecil sprti Tasik dan golongan menengah, htl City representatif",negatif
539,Kalo untuk tempat singah mah lumayan. Karyawan nya ramah,positif
540,Kamarnya tidak sesuai dengan tampilan depan hotel,negatif
541,Berkesan sekali.. Nyaman..,positif
542,Hati2 banyak penipu,positif
543,Hotel di tengah kota Tasikmalaya dengan harga terjangkau cocok untuk bisnis dan korporat,positif
544,Mungkin sedang renovasi.. Yang merokok dimana saja..,negatif
545,soap shampoo nya kosong ga diisi ğŸ˜‚ â€¦,positif
546,Ruangan kamarnya sesuai dengan harganya.,negatif
547,Kamar Mandi Tidak Ada Bak Merendam,negatif
548,City Hotel dekat perkotaan...nyaman.bersih.pelayanan ramah.,positif
549,Hotelnya bersih dan harga terjangkau,positif
550,"Disediakan tempat gym, shauna dan kolam renang",negatif
551,Recomended nyaman pelayanan ramah..anak2 juga betah,positif
552,"Penginapan dapam kota. Tempat strategis, dekat ke pusat kota Tasik.",negatif
553,Kamar standard n resepsionisnya please smile...,positif
554,Hotelnya cukup enak tapi di dalam gang..,positif
555,"murah, tengah kota tasikmalaya dekat dengan toko aksesoris ratu paksi",positif
556,Kamar nya nyaman,positif
557,"Nyukup nyaman , banyak aula tempat rapat dll",positif
558,Kolam renang nya nyaman sekali,positif
559,Akses mudAh dijangkau dan ada tempat gym yg nyaman,positif
560,Tepat ini selain tepat penginapan ada fasilitas ke bugaran juga,positif
561,View nya bagus...masih tahap pengembangan...,positif
562,"Amazing view on the rooftop, ada tempat gym juga",positif
563,bagus mendingan,positif
564,Fasilitas yv kurang terawat ğŸ˜´ â€¦,negatif
565,"Hotel yang terletak di dekat perkotaan yang memudahkan untuk kemana""",positif
566,Mungkin karena tutup selama Pandemi,negatif
567,"Nyaman, gym nya TOP dech",positif
568,"Dekat dari pusat kota,tempatnya nyantai dan bersih,murah lagi",positif
569,Tempat nya nyaman enak utk keluarga..ğŸ˜ â€¦,positif
570,Tempat Nginap Murah bersih berada di Pusat Kota Tasikmalaya,positif
571,"Plyananny sgt mmuaskan ,,pa satfamny pun ramah skli",positif
572,Akses kemana2 dekat...,positif
573,"Airnya kurang bersih, bangunan juga tidak dirawat",positif
574,Tidak ramah pelayanan nya,negatif
575,"Setiap dinas ke Kota Tasikmalaya,ciamis dan banjar.
.selalu menginap disini",negatif
576,"Meeting Roomnya keren bersih, nyaman ğŸ‘ğŸ‘ â€¦",positif
577,"Hotel dekat rumah,yg nyaman aman bersih",positif
578,"Bersih, nyaman dan live music di food court..",positif
579,enak d pusat kota Tasik...,negatif
580,Hotelnya masih proses renovasi...,negatif
581,"Airnya kotor.., kamrnya juga",negatif
582,Lumayan untuk harganya dan dapat sarapan,positif
583,"Tempatnya cukup bersih, parkiran cukup luas",positif
584,Nyaman buat acara kantor ataupun seminar,positif
585,Menginap semalam di sini. pegawai nya ramah.,positif
586,"Murah, fasilitas lengkap dan di tengah kota",positif
587,Bersih. Ruang lobby dan front officenya sippp!!,positif
588,"Hotel di tengah kota, harga merakyat,",negatif
589,tempatnya nyaman ramah pelayanan nya,positif
590,"Seperti kost""an.. Kualitas pelayanan buruk..",negatif
591,"terkenal di Tasik, nyaman dah",positif
592,salah satu tempat menginap terbaik di tasikmalaya,positif
593,Bagus bersih enak buat nginep,positif
594,"Wc kurang bersih, air nya keruhh",negatif
595,Harus banyak ditingkatkan pelayanan dan tempatnya,negatif
596,Nyaman bosqoe...,positif
597,"hotel nyaman, sarapan lumayan enak",positif
598,"kamar luas, sayang kamar mandinya bau",negatif
599,Hotel nya nyaman dan pelayanan nya bagus,positif
600,Hotel ya lumayan sebanding sama harga,positif
601,Tempatnya enak cuma kurang di rawat,positif
602,Harga sesuai dgn budget dan fasilitas,negatif
603,Kurang repredentatif,negatif
604,Fasilitas lengkap dengan harga yang relatif murah.,positif
605,Hilang helm motor di parkiran,negatif
606,Murah kamar bersih smoking room,positif
607,Enakk bersihh nyaman pokonya,positif
608,BIMTEK SMK SEKABUPATEN DAN SEKOTA TASIKMALAYA TAHUN PELAJARAN 2018-2019,positif
609,Murah meriah untuk mereka yang mau 2jaman,positif
610,City Hotel temlatnya luas dan bersih,positif
611,airnya kurang panas,positif
612,Nganterin makanan buat anak tercinta...,negatif
613,Makanannya gak enak,negatif
614,Saya pernah mengikuti acara body contes di sini,negatif
615,Servis yg Ramah dan cepat,positif
616,WC nya kurang myaman aza.,negatif
617,Hotel bagus harga lumayan murah,positif
618,lumayan bersih hotelnya..,positif
619,"Tidak, saya tidak membenci nya....nyaman koq",negatif
620,Tempatnya lumayan nyaman dan bersih,positif
621,"hotel bagus, tp b'fast kurang",positif
622,Murah tapi hotelnya lumayan bagus,positif
623,resepsionisnya gak problem.solving....payaaah....,negatif
624,tempat ny bagus nyaman,positif
625,Makanan nya murah dan rasanya enak.,positif
626,"Hotel yang bersih,ada gym dan swimming pool ya",positif
627,"Bagus, enak dan terjangkau",positif
628,Good lah... Murah meriah,positif
629,"Hotel yang Mantab buat Keluarga di tengah kota Tasikmalaya ,",positif
630,Hotel budget minimalis asli pake banget ğŸ˜ â€¦,positif
631,Kolam renangnya oke bgt,positif
632,Lokasi gampang dicari karena berada di pusat kota,positif
633,Cukup baik dari segi harga (murah),positif
634,"nyaman dan indah, memberikan suasana baru",positif
635,Bagus untuk menginap dan acara meeting,positif
636,suasana nya nyaman sekaliğŸ˜ â€¦,positif
637,Nyaman dan ada alat fitnes nya,positif
638,Ya baguslah buat yg lagi nasik,positif
639,Hotel yang bagus untuk anda yang berkunjung ke tasikmalaya,positif
640,Sering meeting disini tpi belum nginep,negatif
641,kalo naik angkutan umum 0 berapa aja ya,positif
642,Pernah motoin pernikahan dan ultah di hotel ini,negatif
643,Tempatnya nyaman...  berkelas....,positif
644,Ada tempat fitness dan kolam renang,negatif
645,Harga Lumayan terjangkau ğŸ‘ğŸ˜Š â€¦,negatif
646,Tempatnya nyaman dan pelayanannya bagus,positif
647,Tempat nyaman dan strategis,positif
648,"Nyaman dan lumayan, sesuai budget",positif
649,Bagus diluarnya saja dalamnya kurang bagus,positif
650,Tempat   istirahat sesuai harga...,negatif
651,Cukup nyaman untuk berbagai acara,positif
652,Kolam renangnya sukaaa hihi,negatif
653,Tempatnya nyaman oke punya deh,positif
654,"Tolong toiletnya dibersihkan, masih agak bau",positif
655,Fasilitasnya di room kurang lengkap,negatif
656,Tempatnya strategis dan nyaman,positif
657,BiSa aja,negatif
658,"Hotel bagus, tempat gym lengkap",positif
659,Lagi renovasi jadi berisik,negatif
660,Lumayan dan kamarnya bersih,positif
661,Sarapan nya kurang enak.,negatif
662,Kamarnya luas...,negatif
663,"Tempat nyaman,  bersih..  Ramah",positif
664,Karena lokasi nya yang strategis di pusat kota,negatif
665,Sangat memuaskan tempat nya,positif
666,"Recomended Hotel, Jika sedang berkunjung ke kota Tasikmalaya",negatif
667,Cocok buat kokbrut,positif
668,Nyaman untuk bersantey bersama keluarga,positif
669,Tempat menginap dengan harga terjangkau,negatif
670,Bagus sekali pasti dalemnya bagus,positif
671,Hotel nyaman dekat pusat kota,positif
672,Penah kesiini pada waktu kondangaan nikahan,positif
673,Evaluasi SOP Tahun 2017 aula hotel,negatif
674,Nyaman.,positif
675,Berisik. Sarapan krg enak. Bantal bau.,positif
676,Apakah ada air panasnya?,positif
677,Sempit kamar nya,negatif
678,Hotel bintang yang murah d tengah kota,positif
679,Nyaman aman,positif
680,"Harga terjangkau, pelayanan baik.",positif
681,Hotel budget yg ckp nyaman,positif
682,Pelayanan dan securitynyaramah,negatif
683,"Siip untuk menginap, lumayan murah",positif
684,air panasnya susah,negatif
685,Mantap pelayanannya,positif
686,Ramah2 dan lokasinya strategis,positif
687,Kamar 221 semua Ok.,positif
688,Ok banget pokonya,positif
689,Mungkin tempatnya nyaman?,positif
690,Suasananya nyaman dan karyawannya ramah,positif
691,Tempat menginap favorit saya,positif
692,Gak kebagian sarapan...kasihan,negatif
693,Kurang bersih...,negatif
694,Ok aula meetingnya,positif
695,Kamarnya perlu diperindah,negatif
696,Pelayanannya lebih ditingkatkan lg,negatif
697,Nyaman tempatnya,positif
698,Lumayan untuk istirahat semalam,positif
699,Bersih dan mengangkat budaya sunda,positif
700,Cocok untuk kegiatan seminar dan lainnya,positif
701,pas seminar sering mati listrik,negatif
702,"Cukup ramah dan nyaman pelayanannya ,",positif
703,Salah satu ya sembilan hotel di tasikmalayeahh,negatif
704,Bosa melihat kota tasik dari atas,negatif
705,Tempat nyaman buat istirahat...,positif
706,Jaringan Wifi-nya lemot,negatif
707,Enak nyaman bersih,positif
708,Wifi nya tingkatkan,negatif
709,Wifi nya tidak sampai ke kamar,negatif
710,Lumayan tapi masih banyak renovasi,positif
711,No.. No.. No... Kaya judul lg... Wkwkwkk,positif
712,Buat backpaker enak nih,positif
713,Hotelnya nyamanğŸ‘ğŸ‘ğŸ‘ğŸ‘ â€¦,negatif
714,Bersihhh rapiih nyamannn,negatif
715,AC tdk dingin,positif
716,ada gym dan tempat renang,negatif
717,strategis...good hotel,positif
718,Kesini kalo ngegym doang hehe,negatif
719,Pelayanan nya kurang maksimal,negatif
720,"mantavvv rapih, nyaman pelayanan baik",positif
721,Bagus tempatnya dan bersih,positif
722,Karena fasilitasnya cukup kumlit,negatif
723,Tempat meeting luas,positif
724,Ga recommended lah tempatnya,negatif
725,Sudah bekali kali bobo di sini.,negatif
726,"Ramah tamah,, Pelayanan Prima..",positif
727,Serasa d rmh sendiri,negatif
728,Sering diselenggarakan seminar atau workshop disini.,negatif
729,Mantapppp,negatif
730,Kolamnya kotor,negatif
731,Bersih..pelayanan ramah,positif
732,Di sekitar banyak rumah makan,positif
733,Kamarnya nyaman,positif
734,Murmer tempat renangnyağŸ˜† â€¦,negatif
735,Harga engga sebanding kualitas,negatif
736,murah ramah cukup nyaman,positif
737,Cukup Baik. Namun kurang maksimal,positif
738,Kasih bintang 3 dulu deh ya,positif
739,Saya suka,negatif
740,Tempat yg nyaman untuk keluarga,positif
741,Oke nyaman sekali,positif
742,Bagus hotelnya,positif
743,Murah dan lumayan nyaman,positif
744,Lumayan bagus untuk wilayah tasik,positif
745,Lumayan tempatnya,positif
746,Cukup aja,negatif
747,Yang suka jajanan ke sini aja bro,negatif
748,Tempat gym yg puas,positif
749,ğŸ™ğŸ½ â€¦,negatif
750,Lumayan enak dan nyaman,positif
751,Nyaman dan sejuk,positif
752,Hotelnya keren,positif
753,tempat sangat indahh dann bagusss,positif
754,Nyaman untuk tidur,positif
755,ğŸ‘â¤ï¸ â€¦,negatif
756,Kurang memuaskan,negatif
757,Kotor ğŸ˜£ â€¦,negatif
758,Lumayan asyik ğŸ˜‚ â€¦,positif
759,Sangat dekat dengan rumah saya,positif
760,"Dengan konsep lama, sedikit bangunan lama",negatif
761,Nyaman santai dan tenang,positif
762,Ramah nyaman ğŸ™ğŸ‘ â€¦,positif
763,Bagus di gedungnya,positif
764,Bersih dan nyaman,positif
765,"Karyawan ramah, harga cukup murah",positif
766,Pelayanan terbaik,positif
767,Harga terjangkau,negatif
768,Minim fasilitas dan kenyamanan,negatif
769,Very recommend ğŸ‘ memuaskan â€¦,positif
770,"Indah, enak ,nyaman",positif
771,Baik sekali pelayananya,positif
772,Murah.. Cukup bersih,positif
773,Lumayan nyaman...,positif
774,Lumyan nyaman dan bersih,positif
775,Suara luar terdengar ke kamar,positif
776,recomended hotel at tasik,negatif
777,Letaknya strategis....,negatif
778,Hotel nyaman murah,positif
779,Harga relatif lebih murah,negatif
780,Tempat lumayan bagus,positif
781,Pelayanan bagus memuaskan,positif
782,Sambil menyelam minum air,negatif
783,dalam rangka pengawasan kampanye,negatif
784,Manfaat mantaaaaaf nhun dah,negatif
785,B aja,negatif
786,Mantapp,negatif
787,Pelayanan ok,positif
788,Untuk hotel baru yang representatif,positif
789,"Cozy place, cocok untuk rapat",positif
790,Ada tempat gym,negatif
791,Maintenance kurang,negatif
792,Perlu penyempurnaan,negatif
793,Uh mantul,negatif
794,Nyaman buat istirahat.,positif
795,Hotel yang ada di Kota TasikmalayağŸ‘ â€¦,negatif
796,Acara tv sangat jelek,negatif
797,Cukup,negatif
798,Salah satu pilihan tepat di Tasikmalaya,positif
799,Bagus dan keren,positif
800,Hotel yg murah & bersih,positif
801,Enak utk istirahat..,positif
802,Parkiran kurang luas,negatif
803,Tempat nya nyaman,positif
804,hotel yg nyaman,positif
805,Gym oke,positif
806,Perawatan kurang,negatif
807,Bagus sekali,positif
808,Pelayanan yang sangat buruk,negatif
809,Ah tapal,negatif
810,"Hotel mewah,harga terlalu mahal",negatif
811,Lumayan  ya sih,positif
812,"Bagus,",positif
813,ğŸ‘ â€¦,negatif
814,Lmyn komplit fasilitasnya,positif
815,Ac tidak dingin,positif
816,Toilet nya koyor,negatif
817,bagus tempatnya,positif
818,Nyaman dan bersih ğŸ˜Š â€¦,positif
819,Sangat baik,positif
820,lumayan bagus,positif
821,Lumayan bagussssss,positif
822,Tidak terlalu ramay,negatif
823,Hotel bersahaja dengan lingkungan,positif
824,"Nyaman, aman",positif
825,Bagus walau sederhana,positif
826,"Hotel budget,tmpt lmyn...",negatif
827,Membantu,negatif
828,Bisa buat wedding juga,negatif
829,Kota Tasikmalaya oke,positif
830,menarik dan terjangkau,positif
831,Di depanny ada #####mart,negatif
832,Menarik,positif
833,Terjamin,negatif
834,Stadion Mega edukasi,positif
835,Bersih nyaman,positif
836,Tempat yg nyaman,positif
837,Tempat strategis ğŸ‘ â€¦,negatif
838,Sangat istimewa,positif
839,cukup nyaman,positif
840,Kurang bagus,negatif
841,Sebuah hotel di kota tasikmalaya,negatif
842,Pelayanan ramah,positif
843,kmr gelap pengap lembab,negatif
844,"Puas, nyaman, dan murah",positif
845,Enak.meeting disini juga nyaman,positif
846,Sejauh ini bagus,positif
847,mantap,positif
848,Hotel yg nyaman,positif
849,Cukup Nyaman,positif
850,tempat Nya Indah Dan besar,positif
851,Tempatnya nyaman dan asri,positif
852,murah bagus,positif
853,Dekat pusat kota,negatif
854,Hotel minimalis,negatif
855,Lumayan strategis,positif
856,bersih ramah,positif
857,Lumayan murah,positif
858,Rapih dan bersih,positif
859,Air kotor dan mampet,negatif
860,Sering lewat aja,negatif
861,ketemu tamu luar kota,negatif
862,Tidur nyaman dan santai,positif
863,Bagus bnget,positif
864,"Murahh, bagus",positif
865,selalu ramai,negatif
866,Nyaman untuk istirahat,positif
867,Bgus,negatif
868,Startegis dari kota,negatif
869,"Tenang, rapi dan bersih",positif
870,"Bagus, cukup representatif",positif
871,Boleh di coba,negatif
872,loby kurang penataan,negatif
873,"good enough, ramah",positif
874,Resepsionis kurang profesional,negatif
875,Hotel non bintang,negatif
876,Bersih terus,positif
877,kotor,negatif
878,Cuma lumayan,positif
879,Enak adem..,positif
880,Cukub bagus,positif
881,enak nyaman,positif
882,Aulanya besar,negatif
883,NyamanğŸ‘ğŸ‘ â€¦,negatif
884,Sempurna,positif
885,Representatif,negatif
886,Enak suasanya..,positif
887,Nyamaaann banget,positif
888,Tidur pulas disini,positif
889,Strategis tempatnya.,negatif
890,Baik,positif
891,Sering kehabisan sarapan,negatif
892,lumayan,positif
893,Sempit,negatif
894,Hotel baru di kota tasikmalaya,positif
895,Mantebbbb,negatif
896,lumayan aja,positif
897,Kompak,negatif
898,aman,positif
899,Mantap dah ğŸ˜‰ â€¦,positif
900,Mantul,positif
901,Hmmmm,negatif
902,mewah,negatif
903,Strategis,negatif
904,murah,positif
905,Indah dan islami,positif
906,strategis,negatif
907,toilet kotor,negatif
908,Sip,positif
909,Bagus sekai,positif
910,Cukup representatif,negatif
911,Lokasi di pusat kota,negatif
912,Menyenangkan,positif
913,Baguss,positif
914,Elegan,positif
915,Suka,negatif
916,nyaman dan asri,positif
917,Lumayan.....,positif
918,Berkesan....,positif
919,Cukup happy,positif
920,Tambah bgs,negatif
921,Lomba speeling,negatif
922,hotel yang nyaman,positif
923,Lumayan....,positif
924,Tempat fitness,negatif
925,Gym,negatif
926,Hotel tengah kota,negatif
927,"Bagua,rekomendasi",negatif
928,Suasana friendly,positif
929,City Totel Tasikmalaya,negatif
930,"Strategis hotel,",negatif
931,Hotel yang nyaman,positif
932,Pokoke asikkkk,negatif
933,"Nice,nyaman",positif
934,Pusat kota,negatif
935,best hotel,positif
936,Worted lah,negatif
937,Rekomendasi,negatif
938,Dahsyaaaatt,negatif
939,Hotel nyaman,positif
940,gedung lama,positif
941,Rekomendid,negatif
942,Yup kesini,negatif
943,ğŸ‘ğŸ‘ğŸ‘ğŸ‘ğŸ‘ğŸ‘ğŸ‘ğŸ‘ğŸ‘ğŸ‘ğŸ‘ğŸ‘ğŸ‘ğŸ‘ğŸ‘ â€¦,negatif
944,"Pada saat saya dtg hotelnya sedang diperbaiki, pada parkiran motor saja bnyk sisa2 semen. Mungkin yg buruk dari hotel ini pd saat membersihkan kolam renang jgn membuat air di dlm kamar menjadi tercemar",negatif
945,Upon arrival the baggage person was playing games on his phone I guess no time for my bag. At the front desk so much joking around and laughing very unprofessional. The interior of the hotel was very nice but the rooms did not match the â€¦,positif
946,"As a Hotelier, the management is Sorry!
They owe every guest a big apologize. â€¦",negatif
947,"No group hotel, so the service was very under rated compare to any budget hotel with same price.
When we stayed there was: â€¦",positif
948,"(Diterjemahkan oleh Google) Ruang makan hotel sudah tua, tempat tidur dan sofa tidak bersih, dan tidak nyaman untuk ditinggali. Hotel ini sedang dalam pembangunan ekstensif, sehingga mungkin tidak terlalu memperhatikan kualitas perumahan â€¦",negatif
949,"MANY OPTIONS BETTER THAN HERE, AT THE SAME PRICE,

I'm sure the elevator is rarely cleaned. â€¦",positif
950,"Affordable, but below standard. Better hotels are available with just slightly higher nightly price. â€¦",positif
951,"Ein relativ einfaches Hotel, aber Preis-LeistungsverhÃ¤ltnis sehr gut. Freundliches Personal, gute Betten, alles vorhanden, was man braucht. gutes FrÃ¼hstÃ¼ck in ruhiger AtmosphÃ¤re.. ",negatif
952,"Where do I start, the pictures and reviews are misleading, apart from the lobby the rest of the building should be condemned, seriously itâ€™s literally falling â€¦",negatif
953,"For the 3-star hotel actually it's not bad. The hotel doesn't provide any amenities, but since I always bring my own stuff, it's not a big deal for me. But, I really hope that the hot water in the bathroom can work well. â€¦",positif
954,Staff is nice. The room is big. But a little bit old. The water is not heat to wash body. Breakfast is good. They just give you one Slipper and one cup. You order two people's in one room. Also no brush teeth cup. But is a cheap room. â€¦,positif
955,"Friendly and helpfull staffs.
Breakfast good on quality and services,but could be improve on varieties.
Not so clean bathroom (mold). â€¦",positif
956,(Diterjemahkan oleh Google) Kolam renangnya luar biasa. Dan gimnasium. Berenang bayar 30 ribu. Neggym gratis. Bisakah oerna tidur di sini. Berenang di rooftop. Ada juga jacuzzi. Kerja yang baik â€¦,positif
957,"Ğ Ğ°Ğ·Ğ¼ĞµÑ€ Ğ½Ğ¾Ğ¼ĞµÑ€Ğ° Ğ±Ğ¾Ğ»ÑŒÑˆĞ¾Ğ¹ (Ğ¿Ğ¾Ğ»ÑƒĞ»ÑĞºÑ). Ğ•Ğ´Ñƒ Ğ² Ğ½Ğ¾Ğ¼ĞµÑ€ Ğ¿Ñ€Ğ¸Ğ½ĞµÑĞ»Ğ¸ Ğ²ĞºÑƒÑĞ½ÑƒÑ. Ğ Ğ² Ğ¾ÑÑ‚Ğ°Ğ»ÑŒĞ½Ğ¾Ğ¼ Ğ½Ğ¾Ğ¼ĞµÑ€ Ğ³Ñ€ÑĞ·Ğ½Ñ‹Ğ¹, Ğ²Ğ¼ĞµÑÑ‚Ğ¾ Ğ¾Ğ´ĞµÑĞ»Ğ¾ Ğ¼Ğ°Ğ»ĞµĞ½ÑŒĞºĞ¾Ğµ Ğ¿Ğ¾ĞºÑ€Ñ‹Ğ²Ğ°Ğ»Ğ¾ Ğ½Ğ° 1/3 ĞºÑ€Ğ¾Ğ²Ğ°Ñ‚Ğ¸, Ñ…Ğ¾Ğ»Ğ¾Ğ´Ğ¸Ğ»ÑŒĞ½Ğ¸Ğº Ğ³Ñ€ÑĞ·Ğ½Ñ‹Ğ¹, ÑˆÑƒĞ¼Ğ¾Ğ¸Ğ·Ğ¾Ğ»ÑÑ†Ğ¸Ñ Ğ¾Ñ‚ÑÑƒÑ‚ÑÑ‚Ğ²ÑƒĞµÑ‚.. ",negatif
958,Pilihan tidak byk.. Cukup sekadar alas perut.. Katil bagi kami OK yang sememangnya kepenatan setelah seharian berjalan jauh... ,positif
959,"Dreadful. The first room I was shown has paint flaking off the walls then they moved me to a more presentable room where the TV wasn't working and the window closing handle was missing so it could easily be opened from outside , in fact â€¦",negatif
960,"All second grade amenities,  coffee bar no coffee and tea,  air con remote control battery flat giving people an impression the hotel not properly managed.  Besides,  the lighting at the lobby as well as inside the room very moody and not â€¦",positif
961,"1st time ever stay in a hotel which didn't provide sugar for coffee & tea at breakfast. I mean, come on.. its a basic thing at breakfast, not something that gonna cost you much! â€¦",negatif
962,"Good place to stay, affordable price. If you go with your couple, better bring marriage book. But the breakfast menu doesnt have variety. Not really satisfying but enough. Warm water doesnt always work. You have to wait long enough, but â€¦",positif
963,"No hot water for shower. Please owner fix it! Doesn't have NON SMOKING ROOM! Poor signal even its telkomsel, and they don't have wifi signal in bed room (only in lobby area). Wallpaper peeled off in some part. â€¦",negatif
964,"The room is awfull. I can accept a ""not so nice"" bathroom, but stinky Pillows are too much to accept. My friend's room even has a dirty bed sheet. Meh. PLEASE MAKE A BETTER SERVICE! â€¦",positif
965,"The room is awful. The toilet door can't be closed. No complimentary tea or coffee, you need to pay for pool and gym eventhough you're staying there, and the hotel only provide not more than 6 food variants for breakfast â€¦",negatif
966,"ABSOLUTELY HORRIBLE. Do not stay here. They have a dirty pool and the weight room is all locals up all hours of the night. The jacuzzi doesn't have hot water, the sauna doesn't have a door, the room doesn't have a phone, advertised as hot â€¦",negatif
967,pilihan agak sikit..cukup untuk alas perut. ,negatif
968,"Despite of small bedroom, the air conditioning system is good.

The doormat in front of bathroom is useless, it's for shoes, not for wet feet. â€¦",negatif
969,"Its quite good, but not the best. I've been here twice, but the last, was not as good as the first.
The shower was broke, so I had to move to other room, the cleaness getting â€¦",positif
970,"Old hotel, wifi at lobby only, no hot water on the shower- tiny bit of water presure, water puddle on the floor caused of rainy outside, tv channel local only. Bad experience at 3 stars hotel â€¦",negatif
971,"To be honest, this hotel is not one of the best hotel in Tasikmalaya city since the price is too high for such a standard hotel rooms. The atmosphere is rather off and quiet freaking me out I think it's because the hotel loction is not â€¦",positif
972,"Bad staff service. Room is pretty dirty and dark. TV on some room may not work. But overall still good for its price. Location is pretty nice, two blocks away from city center. â€¦",positif
973,"Four star hotel in the center of Tasikmalaya City. Strategic located. Easy access from Tasikmalaya train station it's about two kilometers, thirty minutes from Tasikmalaya bus station and thirty minutes from Tasikmalaya air port. Nice hotel â€¦",positif
974,Tarif yang affordable. Quite clean and cozy. You better pick room nearby lobby to get better wifi quality hihi â€¦,positif
975,Cozy place with affordable price. But some facilities didnt work. Some bulbs' dead and no water heater in some rooms â€¦,negatif
976,"(Diterjemahkan oleh Google) Murah, nyaman, namanya Bfast.

(Asli) â€¦",positif
977,"Wish I could have a better hotel with that rate... Smelly n dirty bathroom, poor internet. Luckily the receptionist is honest.... â€¦",positif
978,"The corridor looks like mental hospital, which is uncanny. Otherwise, very good room with high ceiling and friendly hotel staff â€¦",positif
979,"I think hotel was under renovation..won't recommend to anyone..

(Diterjemahkan oleh Google) â€¦",negatif
980,"Front Desk is very helpful and service minded, room is clean, the food not that great but nice, and the hotel nice modern and big. â€¦",positif
981,"Good hotel with good price, many facilities like mushalla, meeting room, gym, swimming pool, gazebo in rooftop â€¦",positif
982,"Old hotel.... breakfast usual.... room not to clean. Staff very nice

(Diterjemahkan oleh Google) â€¦",positif
983,This hotel improved day by day now have swimming pool and gym in this hotel rooms services of hotel now very good from last year.... â€¦,positif
984,None. ,negatif
985,"(Diterjemahkan oleh Google) Untuk kelas malam, tidak apa-apa untuk tidur.

(Asli) â€¦",positif
986,Good location.. ,positif
987,"Cleanliness 6/10
Breakfast 6/10
Ambience 6/10 â€¦",negatif
988,It'll be good if the properties time to times maintenanced. Like hot water shower etc. â€¦,positif
989,"Comfort hotel with full facility (gym, swiming pool, rooftop) and affordable price â€¦",positif
990,"room ok but wifi signal very poor at 2nd floor

(Diterjemahkan oleh Google) â€¦",negatif
991,"Need extra work to get better for room capability , and please get better :)

(Diterjemahkan oleh Google) â€¦",positif
992,"The room was very dirty, dust everywhere, I had used towel in my room, dirty mirrors, toilet, sheets â€¦",negatif
993,Could not sleep well because the hotel gym's customers talk loudly even at 2 am. â€¦,negatif
994,"Good ,but WiFi networks is poor

(Diterjemahkan oleh Google)
Bagus, tapi jaringan WiFi buruk",positif
995,"the lobby emviroment is good.. but, the hall and the room?..

(Diterjemahkan oleh Google) â€¦",positif
996,Ù…ÙƒØ§Ù†Ù‡ Ù„Ù‚Ø±ÙŠØ¨Ù‡ Ù…Ù† Ø§Ù„Ù…ÙˆÙ„ Ø§Ù„Ø°ÙŠ Ø¨Ø¬Ø§Ù†Ø¨Ù‡. ,negatif
997,"(Diterjemahkan oleh Google) sangat aman untuk restur dan meeting

(Asli) â€¦",positif
998,"Room was dirty, all room is smoking room, bed is not comfortable.

(Diterjemahkan oleh Google) â€¦",negatif
999,"Strategic place, nice for lowbudget, there is swimming pool too

(Diterjemahkan oleh Google) â€¦",positif
1000,"What a great, reasonable, and homy place to stay while in Tasikmalaya!

(Diterjemahkan oleh Google) â€¦",positif
1001,"(Diterjemahkan oleh Google) Tempat bagus, bersih, pelayanan bagus

(Asli) â€¦",positif
1002,"(Diterjemahkan oleh Google) Luar biasa, cocok untuk anggaran pas2an

(Asli) â€¦",positif
1003,"(Diterjemahkan oleh Google) Akomodasi murah di kota danau Malaya

(Asli) â€¦",positif
1004,"nice, gym center nya a must to try

(Diterjemahkan oleh Google)
bagus, gym center nya wajib dicoba",positif
1005,"Swimpingpool is good, bathtub was awesome.. I like it

(Diterjemahkan oleh Google) â€¦",positif
1006,"The Best thing about this hotel is location, center of city

(Diterjemahkan oleh Google) â€¦",positif
1007,"Good location but dirty and have a bad service at the breakfast...

(Diterjemahkan oleh Google) â€¦",negatif
1008,"I was here for business, and so far, it's not bad..

(Diterjemahkan oleh Google) â€¦",positif
1009,"Nice place, good staff, good location and good prize....",positif
1010,"(Diterjemahkan oleh Google) nyaman..

(Asli)
Nyamaan..",positif
1011,8/10,negatif
1012,"Excellent

(Diterjemahkan oleh Google)
Bagus sekali",positif
1013,"nice breakfast menu, room is average

(Diterjemahkan oleh Google)
menu sarapan enak, kamarnya rata-rata",positif
1014,"Friendly, but less facility. No telephone in room

(Diterjemahkan oleh Google) â€¦",positif
1015,"the elevator is only one. musholla is too small..

(Diterjemahkan oleh Google)
lift hanya satu. musholla terlalu kecil ..",negatif
1016,"(Diterjemahkan oleh Google) Aplikasi surant mantap pada dasarnya

(Asli)
Mantap surantapp pokoknya",positif
1017,"Just OK, but still needs improvement on building interior

(Diterjemahkan oleh Google) â€¦",positif
1018,"good place for doing sport at 5th floor

(Diterjemahkan oleh Google) â€¦",positif
1019,"Room is not well ventilated

(Diterjemahkan oleh Google)
Kamar tidak berventilasi baik",negatif
1020,"Not bad for low budget hotel

(Diterjemahkan oleh Google)
Tidak buruk untuk hotel murah",positif
1021,Nothing. ,negatif
1022,"(Diterjemahkan oleh Google) Sesuai anggaran. Sangat nyaman

(Asli) â€¦",positif
1023,"Just OK for a night sleep conform with the price

(Diterjemahkan oleh Google) â€¦",positif
1024,"(Diterjemahkan oleh Google) Salah satu hotel terbesar di Danau

(Asli)
One bigest hotel in Tasik",positif
1025,"reasonable price and nice staff

(Diterjemahkan oleh Google)
harga wajar dan staf yang baik",positif
1026,"good place, clean an the centre of this town

(Diterjemahkan oleh Google)
tempat yang bagus, bersihkan pusat kota ini",positif
1027,"Clean, neath, comportable with low cost

(Diterjemahkan oleh Google)
Bersih, rapi, nyaman dengan biaya murah",positif
1028,"better find another hotel.

(Diterjemahkan oleh Google)
lebih baik cari hotel lain.",positif
1029,"good

(Diterjemahkan oleh Google)
Bagus",positif
1030,"(Diterjemahkan oleh Google) Semangat layanan staf tidak cukup

(Asli)
å“¡å·¥æœå‹™ç²¾ç¥ä¸å¤ ",positif
1031,"(Diterjemahkan oleh Google) Regular adjah la ...

(Asli)
Biasa adjah la...",positif
1032,Ø§Ù„Ø·Ø§Ù‚Ù… Ù…Ù…ØªØ§Ø² Ø¬Ø¯Ø§.,negatif
1033,"Nice Hotel Great Service

(Diterjemahkan oleh Google)
Hotel Bagus Layanan Hebat",positif
1034,"(Diterjemahkan oleh Google) memberikan

(Asli)
Da",positif
1035,"Need improvement in room, very dirty.

(Diterjemahkan oleh Google)
Perlu perbaikan di kamar, sangat kotor.",negatif
1036,"Good staff parking safe .

(Diterjemahkan oleh Google)
Parkir staf yang baik aman.",positif
1037,"(Diterjemahkan oleh Google) Prett ah ga rekomendasikan

(Asli)
Prett ah ga recommend",positif
1038,"Sultan coffe and more

(Diterjemahkan oleh Google)
Kopi sultan dan lainnya",positif
1039,"Clean and comfortable hotel

(Diterjemahkan oleh Google)
Hotel bersih dan nyaman",positif
1040,"(Diterjemahkan oleh Google) Enak banget, mh

(Asli)
Mantaplah pokokna mh ğŸ˜Š â€¦",positif
1041,"Great Gym

(Diterjemahkan oleh Google)
Gimnasium Hebat",positif
1042,"Wifi bad.

(Diterjemahkan oleh Google)
Wifi buruk.",negatif
1043,"Good rest

(Diterjemahkan oleh Google)
Selamat istirahat",positif
1044,"The bed and the bathroom  was dirty

(Diterjemahkan oleh Google)
Tempat tidur dan kamar mandi kotor",negatif
1045,"Nice

(Diterjemahkan oleh Google)
Bagus",positif
1046,"Good

(Diterjemahkan oleh Google)
Bagus",positif
1047,"More than enough !

(Diterjemahkan oleh Google)
Lebih dari cukup !",positif
1048,"My bathroom door is broken

(Diterjemahkan oleh Google)
Pintu kamar mandi saya rusak",negatif
1049,"(Diterjemahkan oleh Google) B juga

(Asli)
B aj",positif
